CLGAFKASPPQNLLQ,HLA-DRB1*01:01
WHGFQILLNRMVSWA,HLA-DRB1*01:01
AAVFIMLVPTQQGWD,HLA-DRB1*04:04
QCHFYTMGRACASSY,HLA-DRB1*01:01
GFKNYLTFMGNKALD,HLA-DRB1*01:01
TKYSHMPVRHVCGAI,HLA-DRB1*01:01
KFLALVVNHLYRSKM,HLA-DRB1*01:01
DTFSLINAHTCFFNK,HLA-DRB1*01:01
KYMVMQQPIVMWWVA,HLA-DRB1*01:01
LPHWSQMAGFNIPKT,HLA-DRB1*01:01
WGSTWGMLEPSITSV,HLA-DRB1*01:01
MPTFPMGGGLQIKKY,HLA-DRB1*01:01
YRILVAIRKSIAHIK,HLA-DRB1*01:01
WLLWKYMKPDGLKNW,HLA-DRB1*01:01
DILISVGHPLNHTRN,HLA-DRB1*01:01
TKTFSLNVTIMTRST,HLA-DRB1*04:01
TKTFSLNVTIMTRST,HLA-DRB1*01:01
AIYDLLNSTGLWQYE,HLA-DRB1*01:01
QIWYIMEEPMQSLSR,HLA-DRB1*01:01
EWFVGFVAHWTSAAW,HLA-DRB1*01:01
YYARMQMTHVGCCQI,HLA-DRB1*01:01
LAHFWPMTGGDSRDC,HLA-DRB1*01:01
AWKMKIMMNERSLID,HLA-DRB1*04:04
RGVQHMVAIAMSKNP,HLA-DRB1*01:01
CCMYMAQCAELMSQL,HLA-DRB1*01:01
AILWMCSHHGKMELS,HLA-DRB1*04:04
AAVFIMLVPTQQGWD,HLA-DRB1*04:01
YVNLQVPSVMVLWTK,HLA-DRB1*01:01
MKKAYIPDQGNCYHF,HLA-DRB1*04:01
PENKFHRILQPMFIA,HLA-DRB1*01:01
HQPMYMFKTSRAGCD,HLA-DRB1*04:04
ENMYVCLDNSRICLV,HLA-DRB1*01:01
LIWLYVPVPPYGMAA,HLA-DRB1*01:01
IYKYKSINHHHIWEC,HLA-DRB1*01:01
FISQTAEFMMNQKLV,HLA-DRB1*01:01
SFLGRFTGQGGGTVS,HLA-DRB1*01:01
VAPQYTMGRNPKSWD,HLA-DRB1*04:01
IYPLATSLVQGPSLK,HLA-DRB1*01:01
RPNIKMLKVNRYVYE,HLA-DRB1*04:04
CGCILFFKGGFIKNC,HLA-DRB1*01:01
RDLGQFSHDDSLRKG,HLA-DRB1*04:01
AILWMCSHHGKMELS,HLA-DRB1*01:01
QMFCWWNLYHANTTR,HLA-DRB1*01:01
WRVCWHMAAVYMVQF,HLA-DRB1*01:01
CLGAFKASPPQNLLQ,HLA-DRB1*04:01
TFCEPMLAEQILVSD,HLA-DRB1*01:01
AAVFIMLVPTQQGWD,HLA-DRB1*01:01
KDECFCVMMIMPAHY,HLA-DRB1*01:01
QIWYIMEEPMQSLSR,HLA-DRB1*04:01
HNFQLHAHKIYGSHA,HLA-DRB1*01:01
SLQWKMGPSDNVQLQ,HLA-DRB1*01:01
YRFIAYHSKMSSYNT,HLA-DRB1*01:01
QVLKYFQIGIRNLLK,HLA-DRB1*01:01
GWIAMTAYNPPMGTI,HLA-DRB1*01:01
HVIIQVNMKSKIVQH,HLA-DRB1*01:01
LTISQANRIQERHHP,HLA-DRB1*01:01
IHSVWYCLYTAMMSH,HLA-DRB1*01:01
GRLEVLEEGYMVRHA,HLA-DRB1*01:01
TMKAGQHYMISYSIR,HLA-DRB1*01:01
HTTVVFAQNNYHLYG,HLA-DRB1*04:04
EKKYLHCQSLKEYAK,HLA-DRB1*01:01
HKNNVYIIEVSSLGW,HLA-DRB1*04:01
EKKYLHCQSLKEYAK,HLA-DRB1*04:01
FMMRLPSLNITWLQE,HLA-DRB1*01:01
LQRLEVRMVMYNKIL,HLA-DRB1*01:01
QTCDYIMIFALTHYS,HLA-DRB1*01:01
YGVMDFNSNHANHIP,HLA-DRB1*01:01
ALYWQMTAEYKQAQK,HLA-DRB1*01:01
RFYGYMGLSGNEHEL,HLA-DRB1*01:01
GLYHYHREVNSGGPM,HLA-DRB1*04:01
WTFMKFGLMEQTVSS,HLA-DRB1*01:01
LWLPFKLPIPLMSQK,HLA-DRB1*01:01
WWGYSICYSHAYMVP,HLA-DRB1*01:01
AHINLMILPLDKEIH,HLA-DRB1*04:04
QPPYFIMVSIIPPEA,HLA-DRB1*01:01
HVIIQVNMKSKIVQH,HLA-DRB1*04:04
FYDLFQMCNLTNERR,HLA-DRB1*04:04
YISLFNTAGRPWPNN,HLA-DRB1*01:01
QCGRILEIYPATSMV,HLA-DRB1*04:04
VAPQYTMGRNPKSWD,HLA-DRB1*01:01
CFQCMFMACGRQSNE,HLA-DRB1*01:01
AYKLNFAYVGTSDNF,HLA-DRB1*01:01
FILFPSALRHIWLDP,HLA-DRB1*01:01
QHIIRVPPVNLGLFE,HLA-DRB1*01:01
AWKMKIMMNERSLID,HLA-DRB1*01:01
YDTTLFRNNSNRRSK,HLA-DRB1*04:01
RGVQHMVAIAMSKNP,HLA-DRB1*04:04
RPNIKMLKVNRYVYE,HLA-DRB1*01:01
CHEYGQLHENCVLDT,HLA-DRB1*01:01
CTKFMAIGTTDDMDL,HLA-DRB1*04:04
FVMFFVASDQCLVMT,HLA-DRB1*01:01
FRCCEAFWLMNALLW,HLA-DRB1*01:01
HKNNVYIIEVSSLGW,HLA-DRB1*01:01
LEDPEYMMWEPTKIY,HLA-DRB1*01:01
KIMFTCQTAWHCILD,HLA-DRB1*01:01
QSASGHMLWALRTEL,HLA-DRB1*01:01
QPPYFIMVSIIPPEA,HLA-DRB1*04:04
QPPYFIMVSIIPPEA,HLA-DRB1*04:01
ITRRQCTIEQSWKVE,HLA-DRB1*01:01
ITYVMHHIQMICRDY,HLA-DRB1*01:01
YTGMNSLFGFYAVVE,HLA-DRB1*01:01
CTKFMAIGTTDDMDL,HLA-DRB1*04:01
YYTMVSATWDYHCEH,HLA-DRB1*01:01
GFKNYLTFMGNKALD,HLA-DRB1*04:01
NSNWSALNGVACAWN,HLA-DRB1*01:01
YVKWRHPRNRPVLWH,HLA-DRB1*01:01
KNAVIVHSIKVQDCM,HLA-DRB1*01:01
DHSYNFANNASGLWC,HLA-DRB1*01:01
PQPCNYVFLFNVNHY,HLA-DRB1*01:01
QAINMKLFSKACTVF,HLA-DRB1*01:01
RKHVYWDLMHAYIKE,HLA-DRB1*01:01
YRHHESLNVSPSAAS,HLA-DRB1*01:01
AYKLNFAYVGTSDNF,HLA-DRB1*04:01
IYMMVLACRDKLKWT,HLA-DRB1*01:01
WYKGMMDVMFAGVIG,HLA-DRB1*01:01
WWKTNISKFVNQSIH,HLA-DRB1*01:01
EAWNSYWEIAPIATA,HLA-DRB1*01:01
IILPTIRPVQAYRFH,HLA-DRB1*01:01
RAANYGYVMSIYPKR,HLA-DRB1*01:01
TKEYLTQARGHDNMA,HLA-DRB1*01:01
ITTYHYVMVQETPNR,HLA-DRB1*01:01
CLPWWWFPGHTVMLE,HLA-DRB1*01:01
NQRNSPVYLKNAQLF,HLA-DRB1*01:01
DHSYNFANNASGLWC,HLA-DRB1*04:01
YHYEMFLNQRTWWDT,HLA-DRB1*01:01
ETMQLIQCVGAVMRT,HLA-DRB1*01:01
KQYKQMLKNTAHSVD,HLA-DRB1*01:01
NMGIVQRTPRVNGST,HLA-DRB1*01:01
CMSQTIIYTYTIMVA,HLA-DRB1*01:01
YLAYWVGVAAAGWSN,HLA-DRB1*01:01
PTYVMCFGPDPHVTN,HLA-DRB1*01:01
SHIQMVEQFAPALST,HLA-DRB1*01:01
KDECFCVMMIMPAHY,HLA-DRB1*04:04
NEILWWCQLMSYKCQ,HLA-DRB1*01:01
KFLALVVNHLYRSKM,HLA-DRB1*04:04
AGFNKESSWAQPEHI,HLA-DRB1*04:01
AWKMKIMMNERSLID,HLA-DRB1*04:01
DQHICWILTSRLDQG,HLA-DRB1*01:01
IFARVPSRAPVHGFW,HLA-DRB1*01:01
TDLFSTQNERLVFYI,HLA-DRB1*01:01
IRMYNCNKAMIGHAY,HLA-DRB1*01:01
VCVLSYQKNSNPPWF,HLA-DRB1*04:01
ALACAQGCFAYMRQV,HLA-DRB1*01:01
NGWQIRINHNLKRQK,HLA-DRB1*04:01
PLRMANNLLCMEFSP,HLA-DRB1*04:04
IYEYFHTGSMQHWTY,HLA-DRB1*04:01
SFEVMKTYDRKYEEC,HLA-DRB1*01:01
CQLRLWWGHQVFIGD,HLA-DRB1*01:01
CMSQTIIYTYTIMVA,HLA-DRB1*04:04
HEAFRYTHVCKMESW,HLA-DRB1*01:01
RKHGCMRLFKAMLYN,HLA-DRB1*01:01
DFTAFHWYPANESDY,HLA-DRB1*01:01
MCFEYCTNVQVDSMH,HLA-DRB1*01:01
RKHGCMRLFKAMLYN,HLA-DRB1*04:04
KDECFCVMMIMPAHY,HLA-DRB1*04:01
GCIQIRGMRCAKKHH,HLA-DRB1*01:01
DAHRIMHWNSANIFM,HLA-DRB1*04:04
HTTVVFAQNNYHLYG,HLA-DRB1*04:01
DRVGTNFSVVTMPAS,HLA-DRB1*04:04
VWIHETNASFVKHFI,HLA-DRB1*04:01
SYLPQTPEGSNYVKC,HLA-DRB1*01:01
QCGRILEIYPATSMV,HLA-DRB1*01:01
DMRYRISGICLITMS,HLA-DRB1*01:01
FILFPSALRHIWLDP,HLA-DRB1*04:04
TMHALYSGWLDGFEE,HLA-DRB1*01:01
KPVTLLCNGQNYNLC,HLA-DRB1*04:04
WEFIRIMVRNPLSVW,HLA-DRB1*04:04
TAGLVWIFENKVVNA,HLA-DRB1*01:01
DNMWLYMEYPHTSQK,HLA-DRB1*01:01
WEFIRIMVRNPLSVW,HLA-DRB1*01:01
PQYGFRANSSRFEFK,HLA-DRB1*04:01
DRVGTNFSVVTMPAS,HLA-DRB1*01:01
CDELVQKVLFSCKAY,HLA-DRB1*01:01
HVIIQVNMKSKIVQH,HLA-DRB1*04:01
MNLMYTIMRIAWPTA,HLA-DRB1*01:01
YISLFNTAGRPWPNN,HLA-DRB1*04:01
SRKLCMTWVELASGW,HLA-DRB1*04:04
IKIRLFYGQWPAARN,HLA-DRB1*04:04
PSNCIMRRGRKAIVS,HLA-DRB1*01:01
SAHWCLFGMINQADG,HLA-DRB1*04:04
SIRSVQAAFCGYIVK,HLA-DRB1*01:01
HYMQNAGTCQVQIVF,HLA-DRB1*01:01
EWFVGFVAHWTSAAW,HLA-DRB1*04:01
VCIWLYTAANVWHYA,HLA-DRB1*01:01
SCYFFVEHQNLPKAM,HLA-DRB1*01:01
DRVGTNFSVVTMPAS,HLA-DRB1*04:01
LTRIAAVRKYCWNCH,HLA-DRB1*01:01
IVLFAWPQMLALLPV,HLA-DRB1*01:01
RITYTWFKGVHDFGI,HLA-DRB1*01:01
GYCYWNQNNTLKKSS,HLA-DRB1*04:01
DAHRIMHWNSANIFM,HLA-DRB1*01:01
NKTYRLFHNMHQWTM,HLA-DRB1*04:01
PNYAKYSATNLTCYF,HLA-DRB1*01:01
VWIHETNASFVKHFI,HLA-DRB1*01:01
RWILVVCMSPAREID,HLA-DRB1*04:04
NGWQIRINHNLKRQK,HLA-DRB1*04:04
QICHNFSWNQVFHAH,HLA-DRB1*04:01
RDMVCLGLLAFKRHC,HLA-DRB1*01:01
YGVMDFNSNHANHIP,HLA-DRB1*04:01
DQHICWILTSRLDQG,HLA-DRB1*04:04
ILEAQCVTARNRKLL,HLA-DRB1*01:01
TKTFSLNVTIMTRST,HLA-DRB1*04:04
IYPLATSLVQGPSLK,HLA-DRB1*04:04
LVFATWITDTAFYWD,HLA-DRB1*04:01
GKVQVMFCMITIRKC,HLA-DRB1*04:04
FILFPSALRHIWLDP,HLA-DRB1*04:01
EKKYLHCQSLKEYAK,HLA-DRB1*04:04
QICHNFSWNQVFHAH,HLA-DRB1*01:01
GFKNYLTFMGNKALD,HLA-DRB1*04:04
SDAKMFPMLKSCKEI,HLA-DRB1*01:01
PLRMANNLLCMEFSP,HLA-DRB1*01:01
CTKFMAIGTTDDMDL,HLA-DRB1*01:01
TAYLHQWWSLMRVQW,HLA-DRB1*01:01
NQENCLLIGPSSQRT,HLA-DRB1*01:01
QIWYIMEEPMQSLSR,HLA-DRB1*04:04
ARWWRAFSSDCSIIV,HLA-DRB1*04:01
CLMRKTWFISEVVRM,HLA-DRB1*01:01
CMWETMKLQWAVHHY,HLA-DRB1*01:01
QYNVVEVTRTIRMEE,HLA-DRB1*01:01
KYVSQDTYQHNIFML,HLA-DRB1*04:01
GDIFFQVGDMVMYLL,HLA-DRB1*01:01
EKGKVQPEISLPYEG,HLA-DRB1*04:04
HTTVVFAQNNYHLYG,HLA-DRB1*01:01
KWIKVHFNLFQPDFV,HLA-DRB1*04:04
QHIIRVPPVNLGLFE,HLA-DRB1*04:04
KFLALVVNHLYRSKM,HLA-DRB1*04:01
FMMRLPSLNITWLQE,HLA-DRB1*04:04
VSRINSNHSSWLGGA,HLA-DRB1*01:01
KIAWLKYNGEYTSSR,HLA-DRB1*01:01
WEYHHYTPDLSEHME,HLA-DRB1*04:01
IVVYYHIHAHVFEFV,HLA-DRB1*01:01
NKTYRLFHNMHQWTM,HLA-DRB1*04:04
ILAHINIPYTYMMFT,HLA-DRB1*04:04
CAYFAFLFHTLRCVP,HLA-DRB1*01:01
GWCDVWEMSLAWIPH,HLA-DRB1*01:01
EYMHVRTAHQQDSWA,HLA-DRB1*04:01
CCMYMAQCAELMSQL,HLA-DRB1*04:01
GGFVMKSVSAEETYT,HLA-DRB1*01:01
ITTYHYVMVQETPNR,HLA-DRB1*04:01
MNRTIEKMGMCIVFH,HLA-DRB1*01:01
MHLCMPQHILMERCP,HLA-DRB1*01:01
LMYTMHHLTICPCAL,HLA-DRB1*04:04
DKHIYSIAPLKRQWM,HLA-DRB1*04:04
VTYMGYFVALRTDGG,HLA-DRB1*01:01
QTCDYIMIFALTHYS,HLA-DRB1*04:01
FLPLCQARRGVMQQI,HLA-DRB1*01:01
DFTAFHWYPANESDY,HLA-DRB1*04:01
SVKQISHGGMIMSTE,HLA-DRB1*01:01
PKIYNMGGDEALKHK,HLA-DRB1*01:01
YGYAPYMMGVMSVGQ,HLA-DRB1*01:01
HEAFRYTHVCKMESW,HLA-DRB1*04:01
YHYEMFLNQRTWWDT,HLA-DRB1*04:01
WHGFQILLNRMVSWA,HLA-DRB1*04:04
KYMVMQQPIVMWWVA,HLA-DRB1*04:04
CFQCMFMACGRQSNE,HLA-DRB1*04:04
PKHDKIDMMKTCDQK,HLA-DRB1*04:04
LWLPFKLPIPLMSQK,HLA-DRB1*04:01
RWILVVCMSPAREID,HLA-DRB1*01:01
RNAQTYVFQGREYVL,HLA-DRB1*01:01
RKWTVCINPREERLI,HLA-DRB1*04:01
ETYWNWFSINNLNTQ,HLA-DRB1*01:01
AYKLNFAYVGTSDNF,HLA-DRB1*04:04
DKHIYSIAPLKRQWM,HLA-DRB1*01:01
HQPMYMFKTSRAGCD,HLA-DRB1*01:01
FGRHMVIIFPVNNWG,HLA-DRB1*04:04
MSNFGFSWSQLHHMQ,HLA-DRB1*04:01
TWIYAMPEKELRKLS,HLA-DRB1*01:01
PLRMANNLLCMEFSP,HLA-DRB1*04:01
RAANYGYVMSIYPKR,HLA-DRB1*04:01
SRKLCMTWVELASGW,HLA-DRB1*01:01
PQYGFRANSSRFEFK,HLA-DRB1*01:01
RFYGYMGLSGNEHEL,HLA-DRB1*04:01
YRILVAIRKSIAHIK,HLA-DRB1*04:04
CPFYMTAPWTDVNHD,HLA-DRB1*01:01
SLQWKMGPSDNVQLQ,HLA-DRB1*04:01
MSNFGFSWSQLHHMQ,HLA-DRB1*01:01
FYDLFQMCNLTNERR,HLA-DRB1*04:01
LIWLYVPVPPYGMAA,HLA-DRB1*04:01
KMIMYCNHNRMQRRG,HLA-DRB1*04:04
HKCIYEKFTAMHYLS,HLA-DRB1*01:01
ETYWNWFSINNLNTQ,HLA-DRB1*04:01
LRYCTMKCGNVYPVW,HLA-DRB1*01:01
AILWMCSHHGKMELS,HLA-DRB1*04:01
NHRMQLEGFMAENDP,HLA-DRB1*01:01
ARWWRAFSSDCSIIV,HLA-DRB1*01:01
FISQTAEFMMNQKLV,HLA-DRB1*04:01
KSTMREFYKAHPAIV,HLA-DRB1*01:01
ARWWRAFSSDCSIIV,HLA-DRB1*04:04
FEWMGPNQQSRFRIV,HLA-DRB1*01:01
FLYQRMRQMLWSCWI,HLA-DRB1*01:01
CMAFHSKHTSEVTWQ,HLA-DRB1*01:01
ANYLNLELGTMMCLT,HLA-DRB1*01:01
QTCDYIMIFALTHYS,HLA-DRB1*04:04
GKVQVMFCMITIRKC,HLA-DRB1*01:01
PKHPAYSSCSPRMMH,HLA-DRB1*01:01
IKIRLFYGQWPAARN,HLA-DRB1*01:01
DAHRIMHWNSANIFM,HLA-DRB1*04:01
HKNNVYIIEVSSLGW,HLA-DRB1*04:04
DGRLSATLNPKPHSM,HLA-DRB1*04:04
FSMCQWRPNWSNKKV,HLA-DRB1*04:01
EKGKVQPEISLPYEG,HLA-DRB1*04:01
SCHVGFHCMIGEKCD,HLA-DRB1*01:01
MIDRVYEINQDPPNK,HLA-DRB1*04:01
YISLFNTAGRPWPNN,HLA-DRB1*04:04
ISWCCDSQNSMHLVS,HLA-DRB1*01:01
YTGMNSLFGFYAVVE,HLA-DRB1*04:01
NGWQIRINHNLKRQK,HLA-DRB1*01:01
RPNIKMLKVNRYVYE,HLA-DRB1*04:01
CNKEFQDAFAIIEKM,HLA-DRB1*01:01
TACWMEKYISPSSWN,HLA-DRB1*04:04
SCYFFVEHQNLPKAM,HLA-DRB1*04:01
MKIKNAAAFHWRITM,HLA-DRB1*01:01
YRFIAYHSKMSSYNT,HLA-DRB1*04:01
RIHWFMCIYRSDMLM,HLA-DRB1*01:01
CWRPSITFKIMHIRK,HLA-DRB1*01:01
YRFIAYHSKMSSYNT,HLA-DRB1*04:04
AKVYMKWMWEQHMFG,HLA-DRB1*01:01
MNLMYTIMRIAWPTA,HLA-DRB1*04:01
IHSVWYCLYTAMMSH,HLA-DRB1*04:01
CMSQTIIYTYTIMVA,HLA-DRB1*04:01
KQYKQMLKNTAHSVD,HLA-DRB1*04:01
IILPTIRPVQAYRFH,HLA-DRB1*04:04
WHGFQILLNRMVSWA,HLA-DRB1*04:01
IHSVWYCLYTAMMSH,HLA-DRB1*04:04
TKVYWFEFKAHENTK,HLA-DRB1*01:01
HHMQMFRQLCWRTGR,HLA-DRB1*01:01
WWHNSTNYEANKQTM,HLA-DRB1*04:01
WMKKIMVYGENWSIE,HLA-DRB1*01:01
KTAMVFTIMAKIYSH,HLA-DRB1*01:01
LTHPRTLPGSKIMRE,HLA-DRB1*01:01
ILAHINIPYTYMMFT,HLA-DRB1*01:01
GSQDAMLYVSNAQTW,HLA-DRB1*01:01
FSLSNIGRTRNVMGI,HLA-DRB1*01:01
SEWVVWVHADMKHVL,HLA-DRB1*01:01
CMLRMKTHIYKSDHA,HLA-DRB1*01:01
DNYGFHFGWTPPKPG,HLA-DRB1*04:01
QCHFYTMGRACASSY,HLA-DRB1*04:01
QIMRLKINQELFAQS,HLA-DRB1*04:04
YHYEMFLNQRTWWDT,HLA-DRB1*04:04
TMKAGQHYMISYSIR,HLA-DRB1*04:04
NEILWWCQLMSYKCQ,HLA-DRB1*04:04
PESQSWMVDTIQGPR,HLA-DRB1*04:01
KQYKQMLKNTAHSVD,HLA-DRB1*04:04
CLGAFKASPPQNLLQ,HLA-DRB1*04:04
DMRYRISGICLITMS,HLA-DRB1*04:01
QQMSWQQECSAPYQW,HLA-DRB1*04:01
QSHNELEIFRAPRYL,HLA-DRB1*01:01
HQPMYMFKTSRAGCD,HLA-DRB1*04:01
CGCILFFKGGFIKNC,HLA-DRB1*04:04
MMYAMVTFRNLYEWV,HLA-DRB1*01:01
QIMYTALHLYDWVEG,HLA-DRB1*01:01
NLHTGVLQSWEIYGH,HLA-DRB1*01:01
GYCYWNQNNTLKKSS,HLA-DRB1*01:01
SRKLCMTWVELASGW,HLA-DRB1*04:01
WAAGYLAVGLGGWNT,HLA-DRB1*01:01
WVNTCSQKVHQTTMT,HLA-DRB1*01:01
FVMFFVASDQCLVMT,HLA-DRB1*04:04
ILLWWVTNVTHHFER,HLA-DRB1*04:01
VRALRHQFGRVEWIR,HLA-DRB1*01:01
RAHSMMIGRYKRICL,HLA-DRB1*01:01
IVWADTSSLHASTFP,HLA-DRB1*01:01
PQPCNYVFLFNVNHY,HLA-DRB1*04:04
MVITECAFYVNHKKQ,HLA-DRB1*01:01
ALYWQMTAEYKQAQK,HLA-DRB1*04:01
PQPCNYVFLFNVNHY,HLA-DRB1*04:01
QSHNELEIFRAPRYL,HLA-DRB1*04:04
EQMPAGWFSQQLHVV,HLA-DRB1*01:01
GVQMNCLVPVCVNAF,HLA-DRB1*01:01
TSMPWMLEMWANDTC,HLA-DRB1*01:01
VFQCQFFFMVQPCYS,HLA-DRB1*01:01
MNLMYTIMRIAWPTA,HLA-DRB1*04:04
DNMWLYMEYPHTSQK,HLA-DRB1*04:01
GCIQIRGMRCAKKHH,HLA-DRB1*04:04
ENMYVCLDNSRICLV,HLA-DRB1*04:01
MMYAMVTFRNLYEWV,HLA-DRB1*04:04
IYKYKSINHHHIWEC,HLA-DRB1*04:01
LECCRMRKIQACWHF,HLA-DRB1*04:04
WDWNVSDIQANGIAQ,HLA-DRB1*01:01
RWILVVCMSPAREID,HLA-DRB1*04:01
WDMWSQYSLANFIDE,HLA-DRB1*01:01
WLYNAGRCTLIVKMP,HLA-DRB1*01:01
WWKTNISKFVNQSIH,HLA-DRB1*04:04
FRDINWQLMENFLFM,HLA-DRB1*01:01
LECCRMRKIQACWHF,HLA-DRB1*01:01
WMKKIMVYGENWSIE,HLA-DRB1*04:04
DFKCFCPLNQYCKIF,HLA-DRB1*01:01
MQKNRVFQTQYLQWD,HLA-DRB1*04:04
KMIMYCNHNRMQRRG,HLA-DRB1*01:01
NKTYRLFHNMHQWTM,HLA-DRB1*01:01
NMCWHTSAFPHSYNG,HLA-DRB1*04:01
DVLCFAWEMTEGKQV,HLA-DRB1*04:01
MCILLCTVMNQYFSE,HLA-DRB1*04:04
CCISEWDADVNVAGI,HLA-DRB1*04:01
RGVQHMVAIAMSKNP,HLA-DRB1*04:01
DMKMTFYPGPKQLGF,HLA-DRB1*04:04
TPKWRWQSVTVKQFS,HLA-DRB1*01:01
IRMYNCNKAMIGHAY,HLA-DRB1*04:01
VSRINSNHSSWLGGA,HLA-DRB1*04:04
SYEQIYFKLMQYHNQ,HLA-DRB1*01:01
WTPLWPDMAFSHHEY,HLA-DRB1*01:01
DILISVGHPLNHTRN,HLA-DRB1*04:04
YRYTESANFAQLLDI,HLA-DRB1*04:01
DTFSLINAHTCFFNK,HLA-DRB1*04:01
FQLNFVEQGRMPKFN,HLA-DRB1*04:01
TKCNQVAHIASFMYP,HLA-DRB1*04:04
WEFIRIMVRNPLSVW,HLA-DRB1*04:01
PILFEQQGYNYVIFP,HLA-DRB1*01:01
NSMQWMNEKDATASH,HLA-DRB1*04:01
LGTTCLIMGKIMYRA,HLA-DRB1*01:01
TKCNQVAHIASFMYP,HLA-DRB1*01:01
LFTAMMCIWPTSWGP,HLA-DRB1*01:01
IVWADTSSLHASTFP,HLA-DRB1*04:01
PENKFHRILQPMFIA,HLA-DRB1*04:04
KPQVLIEAQFFHKIQ,HLA-DRB1*01:01
PNYAKYSATNLTCYF,HLA-DRB1*04:01
GSQDAMLYVSNAQTW,HLA-DRB1*04:04
FLFAMGMIFHWRPCP,HLA-DRB1*01:01
LYQCYMAMEQAIFCQ,HLA-DRB1*01:01
VFSSHFIMFEDTQLE,HLA-DRB1*01:01
GEELQLQTYWTNNAR,HLA-DRB1*01:01
DNMWLYMEYPHTSQK,HLA-DRB1*04:04
AHINLMILPLDKEIH,HLA-DRB1*01:01
QYNVVEVTRTIRMEE,HLA-DRB1*04:04
SWYIIRDWRMTDDIL,HLA-DRB1*01:01
ITYVMHHIQMICRDY,HLA-DRB1*04:01
KPVTLLCNGQNYNLC,HLA-DRB1*01:01
KWGHMIDNAFWVAVN,HLA-DRB1*01:01
PMDWWAIAQQFLEKW,HLA-DRB1*01:01
VFGRVRMRFVTVWRE,HLA-DRB1*01:01
FWIEFQQPEIPYGFY,HLA-DRB1*01:01
RFDNSYIIAVKHTKT,HLA-DRB1*01:01
YRHHESLNVSPSAAS,HLA-DRB1*04:01
QFWKQWSGDHSEQVI,HLA-DRB1*04:01
LWLPFKLPIPLMSQK,HLA-DRB1*04:04
SWTQCSAPARGVDWF,HLA-DRB1*01:01
SHIQMVEQFAPALST,HLA-DRB1*04:04
QVLKYFQIGIRNLLK,HLA-DRB1*04:01
VFNEMGITLNIRDSG,HLA-DRB1*01:01
AYYNAENVIWAVFQA,HLA-DRB1*04:01
LQVAHPALHWIHQGE,HLA-DRB1*01:01
SCYFFVEHQNLPKAM,HLA-DRB1*04:04
AKYPFNVPQGFKCRG,HLA-DRB1*01:01
WDSLVGNAFSDSLQF,HLA-DRB1*01:01
RFYGYMGLSGNEHEL,HLA-DRB1*04:04
KTAMVFTIMAKIYSH,HLA-DRB1*04:04
MTAAKIIRADGLRRQ,HLA-DRB1*01:01
LFTAMMCIWPTSWGP,HLA-DRB1*04:04
AYYNAENVIWAVFQA,HLA-DRB1*01:01
EVWFLKKCRIKRYRA,HLA-DRB1*01:01
KYMVMQQPIVMWWVA,HLA-DRB1*04:01
VMRMTQVTLKIGIVC,HLA-DRB1*01:01
AVITHQMLRRCITYM,HLA-DRB1*01:01
CMWETMKLQWAVHHY,HLA-DRB1*04:04
AADMKEMPINAWTMF,HLA-DRB1*01:01
GEELQLQTYWTNNAR,HLA-DRB1*04:04
IEYRTYTDMFQGKTF,HLA-DRB1*04:01
CMLRMKTHIYKSDHA,HLA-DRB1*04:04
TMKAGQHYMISYSIR,HLA-DRB1*04:01
CAYFAFLFHTLRCVP,HLA-DRB1*04:04
YSCMCNRKGVAQAVC,HLA-DRB1*01:01
CWSLFTKGMIASDCH,HLA-DRB1*01:01
PYMETFGTTWLTMVR,HLA-DRB1*01:01
FYDLFQMCNLTNERR,HLA-DRB1*01:01
VCIWLYTAANVWHYA,HLA-DRB1*04:04
PENKFHRILQPMFIA,HLA-DRB1*04:01
DHSYNFANNASGLWC,HLA-DRB1*04:04
LFIPYIHPVRFDRFS,HLA-DRB1*01:01
GTRQITGIWIERDMF,HLA-DRB1*01:01
NMGIVQRTPRVNGST,HLA-DRB1*04:04
HLLDQCPMSIYQANY,HLA-DRB1*01:01
AIYDLLNSTGLWQYE,HLA-DRB1*04:01
WEWKIGPWPYIWIFF,HLA-DRB1*01:01
FRKFDKYKSCVFKYL,HLA-DRB1*01:01
WNYSNSRVSFNGEME,HLA-DRB1*01:01
ETYWNWFSINNLNTQ,HLA-DRB1*04:04
WTFMKFGLMEQTVSS,HLA-DRB1*04:01
VTYMGYFVALRTDGG,HLA-DRB1*04:04
HLLTTHGTILQHTTV,HLA-DRB1*01:01
WNYSNSRVSFNGEME,HLA-DRB1*04:01
RTWMKPWSIVPVTGQ,HLA-DRB1*01:01
SEINEQKNVFGDVKE,HLA-DRB1*04:04
MQKNRVFQTQYLQWD,HLA-DRB1*01:01
MKIKNAAAFHWRITM,HLA-DRB1*04:04
QCGRILEIYPATSMV,HLA-DRB1*04:01
KMIMYCNHNRMQRRG,HLA-DRB1*04:01
AFMLFPRVNGGGIHK,HLA-DRB1*01:01
DTFSLINAHTCFFNK,HLA-DRB1*04:04
LVFATWITDTAFYWD,HLA-DRB1*04:04
WRVCWHMAAVYMVQF,HLA-DRB1*04:01
SIRSVQAAFCGYIVK,HLA-DRB1*04:04
VFSSHFIMFEDTQLE,HLA-DRB1*04:04
YHAVMNNAQRDHMHI,HLA-DRB1*04:01
WKHCMDHLRYIKTVI,HLA-DRB1*01:01
TTYNWLQLMPYMCDI,HLA-DRB1*01:01
AKVYMKWMWEQHMFG,HLA-DRB1*04:04
LMYTMHHLTICPCAL,HLA-DRB1*01:01
PQCHKKIIGTMTDAH,HLA-DRB1*01:01
IIYMLPIILIQCRRY,HLA-DRB1*04:04
FDIKYEMWIAWAYTK,HLA-DRB1*01:01
YDTTLFRNNSNRRSK,HLA-DRB1*01:01
GGFVMKSVSAEETYT,HLA-DRB1*04:04
VSRINSNHSSWLGGA,HLA-DRB1*04:01
PKGLQLTCYMKLLGG,HLA-DRB1*01:01
NPVHAGASLHHHKTC,HLA-DRB1*04:04
CSPLYMYLWHYTGFY,HLA-DRB1*01:01
FMMRLPSLNITWLQE,HLA-DRB1*04:01
WMKKIMVYGENWSIE,HLA-DRB1*04:01
HAIQAIGLLVCIPKG,HLA-DRB1*01:01
YGVMDFNSNHANHIP,HLA-DRB1*04:04
VFSSHFIMFEDTQLE,HLA-DRB1*04:01
AVHHLNLCMGKLFIP,HLA-DRB1*01:01
FYWYFIWQIEKVCAG,HLA-DRB1*01:01
GWIAMTAYNPPMGTI,HLA-DRB1*04:01
VRALRHQFGRVEWIR,HLA-DRB1*04:04
PTYVMCFGPDPHVTN,HLA-DRB1*04:01
DGRLSATLNPKPHSM,HLA-DRB1*04:01
ILAHINIPYTYMMFT,HLA-DRB1*04:01
FGRHMVIIFPVNNWG,HLA-DRB1*01:01
YGYAPYMMGVMSVGQ,HLA-DRB1*04:04
SYLPQTPEGSNYVKC,HLA-DRB1*04:01
GWIAMTAYNPPMGTI,HLA-DRB1*04:04
GSVAGYLPRLRYIVF,HLA-DRB1*01:01
TEYLWFCTCCSIMWT,HLA-DRB1*04:01
THIVHMARLYELNCN,HLA-DRB1*01:01
WKKGYNQKIFRFVLP,HLA-DRB1*01:01
KTAKTHDIASTICLY,HLA-DRB1*01:01
EYMHVRTAHQQDSWA,HLA-DRB1*01:01
SWPNNIMMSDMTGWI,HLA-DRB1*01:01
VFNEMGITLNIRDSG,HLA-DRB1*04:04
YYTMVSATWDYHCEH,HLA-DRB1*04:01
GIKRNYCGEAGYIHV,HLA-DRB1*01:01
WTTNRFRYKLVWYNN,HLA-DRB1*01:01
WDYYLIFDKHKISAD,HLA-DRB1*01:01
SNFTQQSNKKWMVHP,HLA-DRB1*04:01
CFQCMFMACGRQSNE,HLA-DRB1*04:01
VCIWLYTAANVWHYA,HLA-DRB1*04:01
VRYLDMQCKISAREH,HLA-DRB1*01:01
RITYTWFKGVHDFGI,HLA-DRB1*04:04
VCVLSYQKNSNPPWF,HLA-DRB1*04:04
EWFVGFVAHWTSAAW,HLA-DRB1*04:04
HQSCAVYKVYIDRKS,HLA-DRB1*04:04
HHRILRHSGRVKMSW,HLA-DRB1*01:01
RKWTVCINPREERLI,HLA-DRB1*04:04
WTFMKFGLMEQTVSS,HLA-DRB1*04:04
HEVMQLFHFHTSGDS,HLA-DRB1*04:04
YRYTESANFAQLLDI,HLA-DRB1*01:01
TPKWRWQSVTVKQFS,HLA-DRB1*04:01
GQFCQTGMIVTYSAS,HLA-DRB1*01:01
KNRGVNYVSGIVNHL,HLA-DRB1*01:01
DFTAFHWYPANESDY,HLA-DRB1*04:04
IYEYFHTGSMQHWTY,HLA-DRB1*01:01
IQQWWILCYDKIHDP,HLA-DRB1*01:01
TACWMEKYISPSSWN,HLA-DRB1*04:01
DFLNVCKAYDNAAPC,HLA-DRB1*01:01
QEAWPYYMDYASHFD,HLA-DRB1*04:01
SNFTQQSNKKWMVHP,HLA-DRB1*01:01
IEYRTYTDMFQGKTF,HLA-DRB1*01:01
WCKTPWNATLSYKCH,HLA-DRB1*01:01
ASLTLQVMHWKKFYL,HLA-DRB1*01:01
WEYHHYTPDLSEHME,HLA-DRB1*01:01
KAVCQIGCRVGQAKL,HLA-DRB1*01:01
KEQGQSWPLIAWGNK,HLA-DRB1*01:01
VSFTFWDDTWWSIEF,HLA-DRB1*04:01
KNAVIVHSIKVQDCM,HLA-DRB1*04:04
CLMRKTWFISEVVRM,HLA-DRB1*04:04
CWRPSITFKIMHIRK,HLA-DRB1*04:01
QYFITREEFSFSKWY,HLA-DRB1*04:01
HYMQNAGTCQVQIVF,HLA-DRB1*04:01
MCILLCTVMNQYFSE,HLA-DRB1*01:01
ADTWSRSDPTQSCIN,HLA-DRB1*04:01
TPQMTTIMKMHWASQ,HLA-DRB1*01:01
WLLWKYMKPDGLKNW,HLA-DRB1*04:01
FMKVEKYHVFFHGQM,HLA-DRB1*01:01
MVWEVMECGIWLLTV,HLA-DRB1*01:01
YRILVAIRKSIAHIK,HLA-DRB1*04:01
KMTPDLCVSLLACSR,HLA-DRB1*01:01
IYMMVLACRDKLKWT,HLA-DRB1*04:04
SKLRAPGHTCVIMVY,HLA-DRB1*01:01
SQFYDDTAVKETVDS,HLA-DRB1*04:01
HEVMQLFHFHTSGDS,HLA-DRB1*01:01
TKYSHMPVRHVCGAI,HLA-DRB1*04:01
TVNALVVVPKAPNHD,HLA-DRB1*04:04
PNLRHTLPIVYEGTI,HLA-DRB1*01:01
TWHCQNHVVLKNVRR,HLA-DRB1*01:01
RIHWFMCIYRSDMLM,HLA-DRB1*04:04
GTRQITGIWIERDMF,HLA-DRB1*04:04
FYRQSHPRGNYFLGG,HLA-DRB1*01:01
RCKGVLLIQKHDQQL,HLA-DRB1*04:04
AVITHQMLRRCITYM,HLA-DRB1*04:04
AWEWIVFRPTFPWYM,HLA-DRB1*01:01
LAHFWPMTGGDSRDC,HLA-DRB1*04:01
LQRLEVRMVMYNKIL,HLA-DRB1*04:04
ITYVMHHIQMICRDY,HLA-DRB1*04:04
TAYLHQWWSLMRVQW,HLA-DRB1*04:04
FALIKLEKFPQKTCN,HLA-DRB1*04:04
IKIRLFYGQWPAARN,HLA-DRB1*04:01
SNYCRQLSYDGNVPE,HLA-DRB1*04:01
TAYLHQWWSLMRVQW,HLA-DRB1*04:01
HYMQNAGTCQVQIVF,HLA-DRB1*04:04
QIMRLKINQELFAQS,HLA-DRB1*01:01
SLAMDTCASVVLRDP,HLA-DRB1*01:01
CPFYMTAPWTDVNHD,HLA-DRB1*04:01
VLGVMSMIARCQVST,HLA-DRB1*04:04
EPMGRIWIWPLLYWV,HLA-DRB1*01:01
ETMQLIQCVGAVMRT,HLA-DRB1*04:04
YLFRWAYFTHKHWVL,HLA-DRB1*01:01
DMKMTFYPGPKQLGF,HLA-DRB1*01:01
MCFEYCTNVQVDSMH,HLA-DRB1*04:01
SSNYHTCLSHESCIM,HLA-DRB1*01:01
HHHIGNWRTFMNGGE,HLA-DRB1*04:04
FCEPILHEHVWIHQY,HLA-DRB1*01:01
AWEWIVFRPTFPWYM,HLA-DRB1*04:04
RDMVCLGLLAFKRHC,HLA-DRB1*04:04
YENVASNRPKCSYID,HLA-DRB1*01:01
MSNFGFSWSQLHHMQ,HLA-DRB1*04:04
PGEVVIMYFHMRMFV,HLA-DRB1*04:04
QSASGHMLWALRTEL,HLA-DRB1*04:04
IETALKMWKMMKQYA,HLA-DRB1*04:04
DMRYRISGICLITMS,HLA-DRB1*04:04
PYMETFGTTWLTMVR,HLA-DRB1*04:04
QNDYRNYSMIILSDA,HLA-DRB1*01:01
RAANYGYVMSIYPKR,HLA-DRB1*04:04
TGCVRCSFSSMDPAF,HLA-DRB1*04:04
DFLSVARNHKWRRVI,HLA-DRB1*01:01
AIYDLLNSTGLWQYE,HLA-DRB1*04:04
EPMGRIWIWPLLYWV,HLA-DRB1*04:04
KIMFTCQTAWHCILD,HLA-DRB1*04:01
VDRWRTLSRVRGEWI,HLA-DRB1*01:01
VAPQYTMGRNPKSWD,HLA-DRB1*04:04
QASQWFFCTAFCEKG,HLA-DRB1*01:01
NQENCLLIGPSSQRT,HLA-DRB1*04:04
FVMFFVASDQCLVMT,HLA-DRB1*04:01
VLGVMSMIARCQVST,HLA-DRB1*01:01
RTWMKPWSIVPVTGQ,HLA-DRB1*04:04
HDIAKDGNHSGGMVF,HLA-DRB1*04:01
ITTYHYVMVQETPNR,HLA-DRB1*04:04
ISTQATINSFADNNV,HLA-DRB1*04:04
SEINEQKNVFGDVKE,HLA-DRB1*04:01
MIHFIREWWLHHLTV,HLA-DRB1*01:01
DYHKAIGLIYWPWMI,HLA-DRB1*01:01
RTGWQAPTAGWNSMA,HLA-DRB1*01:01
TQMIDTVKWPPAIAV,HLA-DRB1*01:01
TAGLVWIFENKVVNA,HLA-DRB1*04:04
ILLWWVTNVTHHFER,HLA-DRB1*04:04
KNFWLGYMLQLIEIA,HLA-DRB1*01:01
GSQDAMLYVSNAQTW,HLA-DRB1*04:01
YYARMQMTHVGCCQI,HLA-DRB1*04:01
AHINLMILPLDKEIH,HLA-DRB1*04:01
NYPDLFCSMIGCAEY,HLA-DRB1*01:01
SDAKMFPMLKSCKEI,HLA-DRB1*04:04
QVLKYFQIGIRNLLK,HLA-DRB1*04:04
FSMCQWRPNWSNKKV,HLA-DRB1*01:01
VHKTFHSETKYKNKF,HLA-DRB1*04:01
ITRRQCTIEQSWKVE,HLA-DRB1*04:01
YVNLQVPSVMVLWTK,HLA-DRB1*04:01
NSHWFAPTIRKWYNN,HLA-DRB1*01:01
WCKTPWNATLSYKCH,HLA-DRB1*04:01
DKHIYSIAPLKRQWM,HLA-DRB1*04:01
DQHICWILTSRLDQG,HLA-DRB1*04:01
IYMMVLACRDKLKWT,HLA-DRB1*04:01
SAHWCLFGMINQADG,HLA-DRB1*01:01
HEAFRYTHVCKMESW,HLA-DRB1*04:04
ENMYVCLDNSRICLV,HLA-DRB1*04:04
PHPPIFGNKMALKIE,HLA-DRB1*01:01
SFEVMKTYDRKYEEC,HLA-DRB1*04:01
GMELRIRSTCHVDFS,HLA-DRB1*01:01
MKKAYIPDQGNCYHF,HLA-DRB1*01:01
SIVQHWAYITMWFDM,HLA-DRB1*01:01
HSSIHLTEERLHMVE,HLA-DRB1*01:01
MCDDVYLCVPNTKCG,HLA-DRB1*01:01
QWQRFSTPHWITSDR,HLA-DRB1*01:01
HGPIFAPKNWFMMNQ,HLA-DRB1*01:01
PNLRHTLPIVYEGTI,HLA-DRB1*04:04
KSVVKHHYIHCAQGF,HLA-DRB1*04:04
EWLEEFAYHGQVTTG,HLA-DRB1*01:01
LQLHVGENPKTGMAR,HLA-DRB1*01:01
CMWETMKLQWAVHHY,HLA-DRB1*04:01
GKMSRSADTLSWRVP,HLA-DRB1*04:04
GMVCQTDKSNANQRI,HLA-DRB1*04:01
LQLHVGENPKTGMAR,HLA-DRB1*04:01
MNRTIEKMGMCIVFH,HLA-DRB1*04:04
FSLSNIGRTRNVMGI,HLA-DRB1*04:04
PKHPAYSSCSPRMMH,HLA-DRB1*04:01
SRYLGVEFLVGTYHP,HLA-DRB1*01:01
QFWKQWSGDHSEQVI,HLA-DRB1*01:01
EYMHVRTAHQQDSWA,HLA-DRB1*04:04
ASLTLQVMHWKKFYL,HLA-DRB1*04:04
SAHWCLFGMINQADG,HLA-DRB1*04:01
DHEYPTVTSQPNIAT,HLA-DRB1*04:01
RCNVFRVCVHTHRAD,HLA-DRB1*01:01
IILPTIRPVQAYRFH,HLA-DRB1*04:01
SFWHSQFIWIPMLGY,HLA-DRB1*01:01
HHQLSWMRKTHNMNP,HLA-DRB1*04:04
RCKQCRAGDVSKVGM,HLA-DRB1*01:01
FSLSNIGRTRNVMGI,HLA-DRB1*04:01
LPLGYNGWMPVRHKI,HLA-DRB1*01:01
KTAMVFTIMAKIYSH,HLA-DRB1*04:01
IYPLATSLVQGPSLK,HLA-DRB1*04:01
IYEYFHTGSMQHWTY,HLA-DRB1*04:04
WYRPFKCTVFNDARR,HLA-DRB1*04:01
LEDPEYMMWEPTKIY,HLA-DRB1*04:01
LQLHVGENPKTGMAR,HLA-DRB1*04:04
YNCLFWAHMPEDTKP,HLA-DRB1*01:01
HKCIYEKFTAMHYLS,HLA-DRB1*04:01
CHRVTVQIHMCVMQF,HLA-DRB1*01:01
GGFVMKSVSAEETYT,HLA-DRB1*04:01
HAIQAIGLLVCIPKG,HLA-DRB1*04:04
MTAAKIIRADGLRRQ,HLA-DRB1*04:04
IETALKMWKMMKQYA,HLA-DRB1*01:01
QHIIRVPPVNLGLFE,HLA-DRB1*04:01
SFEVMKTYDRKYEEC,HLA-DRB1*04:04
TLVWIGKVHGFDHIM,HLA-DRB1*04:04
TTWSCTCAHTMRFAD,HLA-DRB1*01:01
IYPWKWGVCHFLMYW,HLA-DRB1*01:01
CVTAAITSISLSVLF,HLA-DRB1*01:01
MRTHPCSGHKLYIFW,HLA-DRB1*01:01
ERDLNYYTKSHTIIT,HLA-DRB1*01:01
SNYCRQLSYDGNVPE,HLA-DRB1*01:01
KYVSQDTYQHNIFML,HLA-DRB1*01:01
TMPCSPMYMVNVSTA,HLA-DRB1*01:01
VFGRVRMRFVTVWRE,HLA-DRB1*04:04
PNYAKYSATNLTCYF,HLA-DRB1*04:04
MWQCVIIGKVQAHMY,HLA-DRB1*01:01
TEYLWFCTCCSIMWT,HLA-DRB1*04:04
LGTTCLIMGKIMYRA,HLA-DRB1*04:04
TIRVVYPRMYSGTNF,HLA-DRB1*01:01
NLGTFNNCGIITHVL,HLA-DRB1*04:01
KIMFTCQTAWHCILD,HLA-DRB1*04:04
HNFQLHAHKIYGSHA,HLA-DRB1*04:04
KWGHMIDNAFWVAVN,HLA-DRB1*04:01
FQLNFVEQGRMPKFN,HLA-DRB1*01:01
WKHCMDHLRYIKTVI,HLA-DRB1*04:04
IFARVPSRAPVHGFW,HLA-DRB1*04:01
GEELQLQTYWTNNAR,HLA-DRB1*04:01
DFLSVARNHKWRRVI,HLA-DRB1*04:04
EEMWNACKNYRNNGP,HLA-DRB1*04:01
LTRIAAVRKYCWNCH,HLA-DRB1*04:04
SSNYHTCLSHESCIM,HLA-DRB1*04:01
QMFCWWNLYHANTTR,HLA-DRB1*04:01
QYNVVEVTRTIRMEE,HLA-DRB1*04:01
FHFRHPHPFVRHRVD,HLA-DRB1*01:01
SDCIFGFQNWLEHAV,HLA-DRB1*01:01
GKVQVMFCMITIRKC,HLA-DRB1*04:01
THIVHMARLYELNCN,HLA-DRB1*04:04
QAINMKLFSKACTVF,HLA-DRB1*04:04
GLYHYHREVNSGGPM,HLA-DRB1*04:04
TMPCSPMYMVNVSTA,HLA-DRB1*04:04
FKTGDYPMMHHMSWN,HLA-DRB1*01:01
QLFEDWCFGPKSLVT,HLA-DRB1*01:01
HRIIRTHELEWGKIG,HLA-DRB1*01:01
CLMRKTWFISEVVRM,HLA-DRB1*04:01
TPQMTTIMKMHWASQ,HLA-DRB1*04:04
VTYMGYFVALRTDGG,HLA-DRB1*04:01
EAWQYTWNYYLPEHN,HLA-DRB1*01:01
YFITGLLRDFNGNEI,HLA-DRB1*04:01
IESVDHHIMGCGTCM,HLA-DRB1*01:01
DNYGFHFGWTPPKPG,HLA-DRB1*01:01
VMRMTQVTLKIGIVC,HLA-DRB1*04:04
GVHWIKLWWCKLHME,HLA-DRB1*01:01
KWIKVHFNLFQPDFV,HLA-DRB1*04:01
TRSILYTYYTTGWWQ,HLA-DRB1*01:01
RCNVFRVCVHTHRAD,HLA-DRB1*04:04
NMGIVQRTPRVNGST,HLA-DRB1*04:01
TCVQLRHITYVYEMV,HLA-DRB1*04:04
HRQFGTNFGQVQQYV,HLA-DRB1*04:01
CQVYYPCTHHLPWGR,HLA-DRB1*01:01
NMCWHTSAFPHSYNG,HLA-DRB1*01:01
QIMRLKINQELFAQS,HLA-DRB1*04:01
TACWMEKYISPSSWN,HLA-DRB1*01:01
HKCRSQVETYIYVSA,HLA-DRB1*01:01
KSHCLRMCIFWQLDV,HLA-DRB1*04:04
KIAWLKYNGEYTSSR,HLA-DRB1*04:01
AVHHLNLCMGKLFIP,HLA-DRB1*04:04
IIYMLPIILIQCRRY,HLA-DRB1*01:01
RWCLMPCVLCLCHVP,HLA-DRB1*01:01
GLYHYHREVNSGGPM,HLA-DRB1*01:01
WWKTNISKFVNQSIH,HLA-DRB1*04:01
DWVSRNFPAFSGQPT,HLA-DRB1*04:04
DILISVGHPLNHTRN,HLA-DRB1*04:01
LPHWSQMAGFNIPKT,HLA-DRB1*04:01
LFNHQDNIDHMSSRD,HLA-DRB1*04:01
SWPNNIMMSDMTGWI,HLA-DRB1*04:04
GKMSRSADTLSWRVP,HLA-DRB1*04:01
KPQVLIEAQFFHKIQ,HLA-DRB1*04:04
RITYTWFKGVHDFGI,HLA-DRB1*04:01
RRDRREKLKQFLINA,HLA-DRB1*01:01
FEWMGPNQQSRFRIV,HLA-DRB1*04:01
NQRNSPVYLKNAQLF,HLA-DRB1*04:04
EQSMSYECNITHIYP,HLA-DRB1*04:01
QRKISSHSYNSFSRI,HLA-DRB1*04:01
CNKEFQDAFAIIEKM,HLA-DRB1*04:01
TQMIDTVKWPPAIAV,HLA-DRB1*04:04
QDSSEYCISSKGIQY,HLA-DRB1*01:01
LMYTMHHLTICPCAL,HLA-DRB1*04:01
RKHGCMRLFKAMLYN,HLA-DRB1*04:01
NSHWFAPTIRKWYNN,HLA-DRB1*04:04
WGSTWGMLEPSITSV,HLA-DRB1*04:01
YWCRNPCPMHIRLVK,HLA-DRB1*01:01
RKWTVCINPREERLI,HLA-DRB1*01:01
TTYNWLQLMPYMCDI,HLA-DRB1*04:04
MEAKYCLGQMNFQFY,HLA-DRB1*01:01
SEWVVWVHADMKHVL,HLA-DRB1*04:04
YYTMVSATWDYHCEH,HLA-DRB1*04:04
RFFKVKCRYNHIACF,HLA-DRB1*01:01
QAVDILHWAYTYHNF,HLA-DRB1*04:04
FTMCALVNRWEYDAM,HLA-DRB1*04:04
VPVYEHWGTFTKQKH,HLA-DRB1*04:01
LPHWSQMAGFNIPKT,HLA-DRB1*04:04
YTGMNSLFGFYAVVE,HLA-DRB1*04:04
EYYRKLNDSTWRFHQ,HLA-DRB1*01:01
WLLWKYMKPDGLKNW,HLA-DRB1*04:04
KKWWGIWKDEQSPDI,HLA-DRB1*04:01
YVNLQVPSVMVLWTK,HLA-DRB1*04:04
CAILFCKYQRVCDED,HLA-DRB1*01:01
LTISQANRIQERHHP,HLA-DRB1*04:04
TEYLWFCTCCSIMWT,HLA-DRB1*01:01
EGMKDFCIHKGGTFP,HLA-DRB1*01:01
PEPGEMLCKCWHVVF,HLA-DRB1*01:01
VHKTFHSETKYKNKF,HLA-DRB1*01:01
CQLRLWWGHQVFIGD,HLA-DRB1*04:04
IYKYKSINHHHIWEC,HLA-DRB1*04:04
EFTKFQEFQMVKRWI,HLA-DRB1*01:01
GKVGRLASQCWCWQD,HLA-DRB1*04:04
QAVDILHWAYTYHNF,HLA-DRB1*01:01
PQCHKKIIGTMTDAH,HLA-DRB1*04:04
WRVCWHMAAVYMVQF,HLA-DRB1*04:04
HGPIFAPKNWFMMNQ,HLA-DRB1*04:04
EFNKRITLSWMFREI,HLA-DRB1*01:01
YLAYWVGVAAAGWSN,HLA-DRB1*04:01
MKIKNAAAFHWRITM,HLA-DRB1*04:01
QYFITREEFSFSKWY,HLA-DRB1*04:04
CSWCVAESDHWSRVK,HLA-DRB1*04:01
LMHIFIDKQMFWLKA,HLA-DRB1*01:01
LFIPYIHPVRFDRFS,HLA-DRB1*04:04
HHRILRHSGRVKMSW,HLA-DRB1*04:04
LDFRSEYVDVILFFD,HLA-DRB1*04:01
HVGRQQRSYDAYNKN,HLA-DRB1*01:01
YYARMQMTHVGCCQI,HLA-DRB1*04:04
TPKWRWQSVTVKQFS,HLA-DRB1*04:04
YDTTLFRNNSNRRSK,HLA-DRB1*04:04
PKIYNMGGDEALKHK,HLA-DRB1*04:04
QGCDWTAETCHKLAS,HLA-DRB1*01:01
TTLCMTLCWRMILDL,HLA-DRB1*01:01
WGRTYCVSTYARCRI,HLA-DRB1*01:01
GPAVASAQQACLGNI,HLA-DRB1*01:01
VVNDGIVRLSLGNGA,HLA-DRB1*04:04
MQKNRVFQTQYLQWD,HLA-DRB1*04:01
HLLTTHGTILQHTTV,HLA-DRB1*04:04
GIKRNYCGEAGYIHV,HLA-DRB1*04:01
FWIEFQQPEIPYGFY,HLA-DRB1*04:04
LTISQANRIQERHHP,HLA-DRB1*04:01
FCEPILHEHVWIHQY,HLA-DRB1*04:04
YGYAPYMMGVMSVGQ,HLA-DRB1*04:01
PALARMSQRNQYRDD,HLA-DRB1*04:04
NSHWFAPTIRKWYNN,HLA-DRB1*04:01
FRDINWQLMENFLFM,HLA-DRB1*04:04
SRYLGVEFLVGTYHP,HLA-DRB1*04:04
NPVHAGASLHHHKTC,HLA-DRB1*04:01
MCDDVYLCVPNTKCG,HLA-DRB1*04:01
CLPWWWFPGHTVMLE,HLA-DRB1*04:01
IIHPWLNWYDSEQYI,HLA-DRB1*04:04
CDELVQKVLFSCKAY,HLA-DRB1*04:04
LFTAMMCIWPTSWGP,HLA-DRB1*04:01
VFQCQFFFMVQPCYS,HLA-DRB1*04:04
GMELRIRSTCHVDFS,HLA-DRB1*04:04
TIRVVYPRMYSGTNF,HLA-DRB1*04:04
VWIHETNASFVKHFI,HLA-DRB1*04:04
WYMVAWWWQMKWKQV,HLA-DRB1*01:01
TEQLFVTWTRQENMN,HLA-DRB1*04:04
HHHIGNWRTFMNGGE,HLA-DRB1*01:01
CPKASFNDERGKDIL,HLA-DRB1*01:01
EAWQYTWNYYLPEHN,HLA-DRB1*04:01
RKHVYWDLMHAYIKE,HLA-DRB1*04:04
IQSFSADNKFQYPGE,HLA-DRB1*04:01
AADMKEMPINAWTMF,HLA-DRB1*04:04
WWGYSICYSHAYMVP,HLA-DRB1*04:04
DGRVMFCDYRHVLRV,HLA-DRB1*01:01
EFNKRITLSWMFREI,HLA-DRB1*04:04
HRIIRTHELEWGKIG,HLA-DRB1*04:04
CCMYMAQCAELMSQL,HLA-DRB1*04:04
DIDANMTFACRTQVL,HLA-DRB1*01:01
PRLAMGRVTDFVCWN,HLA-DRB1*01:01
DVLCFAWEMTEGKQV,HLA-DRB1*01:01
RIHWFMCIYRSDMLM,HLA-DRB1*04:01
EMVCISEIIANRCDP,HLA-DRB1*04:04
QNDYRNYSMIILSDA,HLA-DRB1*04:04
RQRIMNTYKPLHEKC,HLA-DRB1*04:04
PQYGFRANSSRFEFK,HLA-DRB1*04:04
RCNVFRVCVHTHRAD,HLA-DRB1*04:01
LKRPLGSSAQQGDQT,HLA-DRB1*01:01
ARRVHQFTAPKFDWQ,HLA-DRB1*04:04
SDCIFGFQNWLEHAV,HLA-DRB1*04:04
MWQCVIIGKVQAHMY,HLA-DRB1*04:04
IVWADTSSLHASTFP,HLA-DRB1*04:04
RLTHAHNQQRSQVPG,HLA-DRB1*04:04
TPMTWIVRTDWAMDN,HLA-DRB1*04:04
LDFRSEYVDVILFFD,HLA-DRB1*01:01
PKIYNMGGDEALKHK,HLA-DRB1*04:01
DTCHKLIFNLDQVRL,HLA-DRB1*01:01
CLWSKYCTLGGHPDE,HLA-DRB1*01:01
YRHHESLNVSPSAAS,HLA-DRB1*04:04
WDWNVSDIQANGIAQ,HLA-DRB1*04:01
LYQCYMAMEQAIFCQ,HLA-DRB1*04:04
LMQKEILNQRYPMHI,HLA-DRB1*04:04
YNANIWSSGKKGAFG,HLA-DRB1*01:01
EQSMSYECNITHIYP,HLA-DRB1*04:04
WWGYSICYSHAYMVP,HLA-DRB1*04:01
EPPMVCNMELMPCFK,HLA-DRB1*04:04
WYKGMMDVMFAGVIG,HLA-DRB1*04:04
TVNALVVVPKAPNHD,HLA-DRB1*01:01
NQENCLLIGPSSQRT,HLA-DRB1*04:01
SIVQHWAYITMWFDM,HLA-DRB1*04:04
YNFKSWIDTIMCFTE,HLA-DRB1*04:04
FLPLCQARRGVMQQI,HLA-DRB1*04:04
HKCIYEKFTAMHYLS,HLA-DRB1*04:04
PGEVVIMYFHMRMFV,HLA-DRB1*01:01
QMFCWWNLYHANTTR,HLA-DRB1*04:04
QAINMKLFSKACTVF,HLA-DRB1*04:01
ESLRLNQIGPRNEAA,HLA-DRB1*01:01
KNRGVNYVSGIVNHL,HLA-DRB1*04:04
FALIKLEKFPQKTCN,HLA-DRB1*01:01
FGYGYDPKVFSSMKC,HLA-DRB1*04:01
IRMYNCNKAMIGHAY,HLA-DRB1*04:04
CWRPSITFKIMHIRK,HLA-DRB1*04:04
WGSTWGMLEPSITSV,HLA-DRB1*04:04
YAVPYMKRYHLFQVD,HLA-DRB1*01:01
ISTQATINSFADNNV,HLA-DRB1*04:01
CVNMWTQHYVKWRDS,HLA-DRB1*01:01
QYFITREEFSFSKWY,HLA-DRB1*01:01
CPFYMTAPWTDVNHD,HLA-DRB1*04:04
IYQLEGENEVCRSWQ,HLA-DRB1*01:01
FRDINWQLMENFLFM,HLA-DRB1*04:01
DNYGFHFGWTPPKPG,HLA-DRB1*04:04
PESQSWMVDTIQGPR,HLA-DRB1*04:04
ILLWWVTNVTHHFER,HLA-DRB1*01:01
VMVIMMDHEDDIHHV,HLA-DRB1*04:04
KQGKQYQNGMNQMDC,HLA-DRB1*04:01
FQLNFVEQGRMPKFN,HLA-DRB1*04:04
TRSILYTYYTTGWWQ,HLA-DRB1*04:04
NCNCGKSMLIHPEAH,HLA-DRB1*01:01
NPVHAGASLHHHKTC,HLA-DRB1*01:01
LQLDYMAYGRTPMPH,HLA-DRB1*01:01
QVWEIHSYFRTLCDV,HLA-DRB1*01:01
LMAWNHTYQMKHPGN,HLA-DRB1*04:01
VNFSPVVDVMDTVCT,HLA-DRB1*04:01
MPTFPMGGGLQIKKY,HLA-DRB1*04:01
HLGHCLKDNRMAMYV,HLA-DRB1*01:01
VRYLDMQCKISAREH,HLA-DRB1*04:04
IMDSHSWFSWMVAQH,HLA-DRB1*01:01
MCILLCTVMNQYFSE,HLA-DRB1*04:01
HRQFGTNFGQVQQYV,HLA-DRB1*01:01
RCGNDMMIGGCYPFI,HLA-DRB1*01:01
CVTAAITSISLSVLF,HLA-DRB1*04:04
IVLFAWPQMLALLPV,HLA-DRB1*04:04
KRIAPICKVQESQWI,HLA-DRB1*04:04
YWPMKCMISDWCLCW,HLA-DRB1*04:04
WYRPFKCTVFNDARR,HLA-DRB1*01:01
TMHALYSGWLDGFEE,HLA-DRB1*04:04
LTQLRNYWEATGWCS,HLA-DRB1*04:04
YLQTNNCESWLNSAG,HLA-DRB1*04:01
DFNCNIRMCGWMDMH,HLA-DRB1*04:04
EYYRKLNDSTWRFHQ,HLA-DRB1*04:01
KPVTLLCNGQNYNLC,HLA-DRB1*04:01
PHNATVAMDQSCGQW,HLA-DRB1*04:01
HSSIHLTEERLHMVE,HLA-DRB1*04:04
LMQKEILNQRYPMHI,HLA-DRB1*01:01
LAHFWPMTGGDSRDC,HLA-DRB1*04:04
KYVSQDTYQHNIFML,HLA-DRB1*04:04
GRLFVDIQKSYCDSG,HLA-DRB1*04:04
AGFNKESSWAQPEHI,HLA-DRB1*01:01
SLAMDTCASVVLRDP,HLA-DRB1*04:01
DAKPWALKQVRSNPG,HLA-DRB1*01:01
NWCECTFFIMPKVDC,HLA-DRB1*01:01
FMHWMPQHQEWRDLC,HLA-DRB1*01:01
CHRVTVQIHMCVMQF,HLA-DRB1*04:04
DEWNKTRHAVTVDFG,HLA-DRB1*01:01
EQAHWQAGTEQLGSM,HLA-DRB1*01:01
YNFKSWIDTIMCFTE,HLA-DRB1*04:01
LNIPENYNNATWVII,HLA-DRB1*01:01
FDIKYEMWIAWAYTK,HLA-DRB1*04:04
LREDPTPAIQPATPP,HLA-DRB1*04:01
QKSECYENGIPQAGM,HLA-DRB1*04:01
QQMSWQQECSAPYQW,HLA-DRB1*01:01
EAWNSYWEIAPIATA,HLA-DRB1*04:01
PYMETFGTTWLTMVR,HLA-DRB1*04:01
WGRTYCVSTYARCRI,HLA-DRB1*04:01
YWKILCMADYICGFR,HLA-DRB1*01:01
HHMQMFRQLCWRTGR,HLA-DRB1*04:04
QVGSARFLSTDRCHE,HLA-DRB1*04:04
GKVGRLASQCWCWQD,HLA-DRB1*01:01
VFQCQFFFMVQPCYS,HLA-DRB1*04:01
ITRRQCTIEQSWKVE,HLA-DRB1*04:04
QSWIATQVHENIWPQ,HLA-DRB1*04:01
SCINHLYRYFDHKVV,HLA-DRB1*04:04
HREWFPTRCFGINEP,HLA-DRB1*01:01
ALYWQMTAEYKQAQK,HLA-DRB1*04:04
CYQNYMVTTHCYDVW,HLA-DRB1*04:01
TKEYLTQARGHDNMA,HLA-DRB1*04:04
EGESEHICFMVSYMQ,HLA-DRB1*04:04
DTCHKLIFNLDQVRL,HLA-DRB1*04:04
TMPCSPMYMVNVSTA,HLA-DRB1*04:01
SFLGRFTGQGGGTVS,HLA-DRB1*04:04
AWIRAWDQKRVMETH,HLA-DRB1*01:01
SDAKMFPMLKSCKEI,HLA-DRB1*04:01
SCGRFGYSMCLVNHE,HLA-DRB1*01:01
ANYLNLELGTMMCLT,HLA-DRB1*04:04
ADTWSRSDPTQSCIN,HLA-DRB1*01:01
IQMKVTSHEEGVLMI,HLA-DRB1*01:01
DCLFTCVHFQAYKWM,HLA-DRB1*01:01
TAQMENQAQSKVADG,HLA-DRB1*01:01
HMMVRKSIIEGKKWN,HLA-DRB1*01:01
DEAEKDEWLEAECVH,HLA-DRB1*01:01
TCVQLRHITYVYEMV,HLA-DRB1*01:01
EFNKRITLSWMFREI,HLA-DRB1*04:01
KMTPDLCVSLLACSR,HLA-DRB1*04:04
SGWNCAVMICAPNER,HLA-DRB1*04:04
ANYLNLELGTMMCLT,HLA-DRB1*04:01
FMQRETKFMYYRECQ,HLA-DRB1*01:01
RFDNSYIIAVKHTKT,HLA-DRB1*04:04
NTQLRWQGIFYRPTC,HLA-DRB1*04:04
MHLCMPQHILMERCP,HLA-DRB1*04:04
PALARMSQRNQYRDD,HLA-DRB1*01:01
SWPNNIMMSDMTGWI,HLA-DRB1*04:01
LEIDVSWNMTIYYFH,HLA-DRB1*04:01
TLYSDMVWPKQWSWF,HLA-DRB1*04:01
VVNDGIVRLSLGNGA,HLA-DRB1*01:01
WKGNVTKTLFRPLAG,HLA-DRB1*01:01
EEMWNACKNYRNNGP,HLA-DRB1*01:01
NHMFRAKGSGEQGPH,HLA-DRB1*01:01
LYNILEIGYRWAEYW,HLA-DRB1*01:01
GQFCQTGMIVTYSAS,HLA-DRB1*04:04
CSMEWMWLKEQVKDA,HLA-DRB1*01:01
YFITGLLRDFNGNEI,HLA-DRB1*01:01
PRGPFFTEYYIMYPA,HLA-DRB1*04:01
MMYAMVTFRNLYEWV,HLA-DRB1*04:01
FMHWMPQHQEWRDLC,HLA-DRB1*04:01
RMRTESWTNSFQILH,HLA-DRB1*01:01
DFLSVARNHKWRRVI,HLA-DRB1*04:01
SGWNCAVMICAPNER,HLA-DRB1*01:01
EDQYLTMPKEKPQPM,HLA-DRB1*01:01
GYCYWNQNNTLKKSS,HLA-DRB1*04:04
SPQSLWDVFETYLMP,HLA-DRB1*01:01
DEYSVHFCQWHQAGV,HLA-DRB1*01:01
SFWHSQFIWIPMLGY,HLA-DRB1*04:04
MIDRVYEINQDPPNK,HLA-DRB1*01:01
RHDVPWRYWWATEGM,HLA-DRB1*01:01
QLEPADYISWFLMGS,HLA-DRB1*01:01
IMECKVEVFMPHCSN,HLA-DRB1*04:04
LQVAHPALHWIHQGE,HLA-DRB1*04:04
TPYEIACDWRQKDIR,HLA-DRB1*04:01
TKVYWFEFKAHENTK,HLA-DRB1*04:04
SFWHSQFIWIPMLGY,HLA-DRB1*04:01
KWEWQFEERVIMGQP,HLA-DRB1*01:01
TKCNQVAHIASFMYP,HLA-DRB1*04:01
WTLCDNSLWIHQWQC,HLA-DRB1*04:01
QCHFYTMGRACASSY,HLA-DRB1*04:04
HHQLSWMRKTHNMNP,HLA-DRB1*01:01
CVTAAITSISLSVLF,HLA-DRB1*04:01
KWIKVHFNLFQPDFV,HLA-DRB1*01:01
QNDYRNYSMIILSDA,HLA-DRB1*04:01
EKPWQKENGACHRYT,HLA-DRB1*01:01
KIRSNHDLKADMSIP,HLA-DRB1*04:01
DNLRMWNITNKQNNE,HLA-DRB1*04:04
LIEPKRMVRACQNQI,HLA-DRB1*01:01
DHEYPTVTSQPNIAT,HLA-DRB1*01:01
YRYTESANFAQLLDI,HLA-DRB1*04:04
VDCEPQLMGYEIPMY,HLA-DRB1*01:01
KNRGVNYVSGIVNHL,HLA-DRB1*04:01
KNAVIVHSIKVQDCM,HLA-DRB1*04:01
IVLFAWPQMLALLPV,HLA-DRB1*04:01
FYWYFIWQIEKVCAG,HLA-DRB1*04:01
NMCWHTSAFPHSYNG,HLA-DRB1*04:04
RQRIMNTYKPLHEKC,HLA-DRB1*01:01
PETWNLKKLWYYSPM,HLA-DRB1*01:01
IEYRTYTDMFQGKTF,HLA-DRB1*04:04
TLVWIGKVHGFDHIM,HLA-DRB1*01:01
FMHWMPQHQEWRDLC,HLA-DRB1*04:04
KSHCLRMCIFWQLDV,HLA-DRB1*01:01
LYQCYMAMEQAIFCQ,HLA-DRB1*04:01
LKQEIWFANLHWHCG,HLA-DRB1*01:01
PHYHMPQKFNVTFID,HLA-DRB1*01:01
KDYGAIPDFNNYPFY,HLA-DRB1*04:01
FDIKYEMWIAWAYTK,HLA-DRB1*04:01
MTAAKIIRADGLRRQ,HLA-DRB1*04:01
VRHVKEVLTVICYTS,HLA-DRB1*04:04
KTAKTHDIASTICLY,HLA-DRB1*04:04
LKQEIWFANLHWHCG,HLA-DRB1*04:04
PGNQIENLQRDWKVV,HLA-DRB1*01:01
SLQWKMGPSDNVQLQ,HLA-DRB1*04:04
EVVNKSYVTRSSEYS,HLA-DRB1*04:04
HQSCAVYKVYIDRKS,HLA-DRB1*01:01
FSMCQWRPNWSNKKV,HLA-DRB1*04:04
PKGLQLTCYMKLLGG,HLA-DRB1*04:04
TKYSHMPVRHVCGAI,HLA-DRB1*04:04
TFCEPMLAEQILVSD,HLA-DRB1*04:04
PRLAMGRVTDFVCWN,HLA-DRB1*04:04
KSTMREFYKAHPAIV,HLA-DRB1*04:04
VMRMTQVTLKIGIVC,HLA-DRB1*04:01
AIYHGDTYQIHSVLW,HLA-DRB1*04:01
YFITGLLRDFNGNEI,HLA-DRB1*04:04
QWQRFSTPHWITSDR,HLA-DRB1*04:01
VMMHVAELWWSYMGI,HLA-DRB1*01:01
NQWKCDYEVMNPKYW,HLA-DRB1*04:01
WISYMEPSNQCDCIR,HLA-DRB1*04:04
QKSECYENGIPQAGM,HLA-DRB1*01:01
HEPALDGMQMYLNLQ,HLA-DRB1*01:01
AVDAVRGRPPLFYYK,HLA-DRB1*01:01
MEAKYCLGQMNFQFY,HLA-DRB1*04:01
YENVASNRPKCSYID,HLA-DRB1*04:01
VNFSPVVDVMDTVCT,HLA-DRB1*04:04
ALACAQGCFAYMRQV,HLA-DRB1*04:04
GCHMRQNEWFVYEAP,HLA-DRB1*01:01
NTWIQRNYEWSVDMI,HLA-DRB1*01:01
HRECVRPTLFRTAMF,HLA-DRB1*01:01
PKHPAYSSCSPRMMH,HLA-DRB1*04:04
GSVAGYLPRLRYIVF,HLA-DRB1*04:04
YVKWRHPRNRPVLWH,HLA-DRB1*04:01
ISWCCDSQNSMHLVS,HLA-DRB1*04:01
LMAWNHTYQMKHPGN,HLA-DRB1*01:01
IWEQHAKVWVSGYRW,HLA-DRB1*01:01
VFNEMGITLNIRDSG,HLA-DRB1*04:01
CSPLYMYLWHYTGFY,HLA-DRB1*04:04
DLACQWQKCMYAISP,HLA-DRB1*01:01
HGPIFAPKNWFMMNQ,HLA-DRB1*04:01
FLFAMGMIFHWRPCP,HLA-DRB1*04:04
SIRSVQAAFCGYIVK,HLA-DRB1*04:01
VRYLDMQCKISAREH,HLA-DRB1*04:01
QRSFPHCTISLNATD,HLA-DRB1*04:01
RLTHAHNQQRSQVPG,HLA-DRB1*04:01
EMVCISEIIANRCDP,HLA-DRB1*01:01
IFARVPSRAPVHGFW,HLA-DRB1*04:04
WVNTCSQKVHQTTMT,HLA-DRB1*04:01
SWYIIRDWRMTDDIL,HLA-DRB1*04:04
IMSSVNEYPGNMDRK,HLA-DRB1*04:01
QEGCKKVVANADCWW,HLA-DRB1*01:01
ILPAKNNGRNVHSHG,HLA-DRB1*04:04
RTCRRSITWEEYAQV,HLA-DRB1*04:01
RTWMKPWSIVPVTGQ,HLA-DRB1*04:01
VCVLSYQKNSNPPWF,HLA-DRB1*01:01
AWLWVKLVWITSEPI,HLA-DRB1*04:04
DWVSRNFPAFSGQPT,HLA-DRB1*01:01
PCSKEWRESNRTHAA,HLA-DRB1*04:01
TSMPWMLEMWANDTC,HLA-DRB1*04:04
QRKISSHSYNSFSRI,HLA-DRB1*04:04
LVDWPEQLHKTGFVK,HLA-DRB1*01:01
EKGKVQPEISLPYEG,HLA-DRB1*01:01
ERDLNYYTKSHTIIT,HLA-DRB1*04:04
LSKTVHAQIETYPHN,HLA-DRB1*04:04
YHAVMNNAQRDHMHI,HLA-DRB1*01:01
MIHFIREWWLHHLTV,HLA-DRB1*04:04
DYHKAIGLIYWPWMI,HLA-DRB1*04:04
ILESPCFYTIDFSLV,HLA-DRB1*01:01
WISYMEPSNQCDCIR,HLA-DRB1*01:01
CMYWCYNHYYMSYKT,HLA-DRB1*01:01
SPQSLWDVFETYLMP,HLA-DRB1*04:04
CGHCCFAEFGLGTCK,HLA-DRB1*01:01
TPMTWIVRTDWAMDN,HLA-DRB1*04:01
RMLMRNYDHMDRHAF,HLA-DRB1*04:04
NTQLRWQGIFYRPTC,HLA-DRB1*01:01
LMHIFIDKQMFWLKA,HLA-DRB1*04:04
KTAKTHDIASTICLY,HLA-DRB1*04:01
KVSDFWNTQWWMMLI,HLA-DRB1*01:01
CPTCVMNDIYKLRES,HLA-DRB1*01:01
ESLRLNQIGPRNEAA,HLA-DRB1*04:04
GCTLYWDAEHYQFRF,HLA-DRB1*04:01
CAYFAFLFHTLRCVP,HLA-DRB1*04:01
ASLTLQVMHWKKFYL,HLA-DRB1*04:01
HLGHCLKDNRMAMYV,HLA-DRB1*04:01
IVVYYHIHAHVFEFV,HLA-DRB1*04:01
RKMAQNMWWITWWFN,HLA-DRB1*01:01
KIAWLKYNGEYTSSR,HLA-DRB1*04:04
PNLRHTLPIVYEGTI,HLA-DRB1*04:01
LMFFQFWEQRGRNEG,HLA-DRB1*01:01
VMMHVAELWWSYMGI,HLA-DRB1*04:04
HMMVRKSIIEGKKWN,HLA-DRB1*04:04
RWCLMPCVLCLCHVP,HLA-DRB1*04:04
SIVQHWAYITMWFDM,HLA-DRB1*04:01
YWKILCMADYICGFR,HLA-DRB1*04:04
FLFAMGMIFHWRPCP,HLA-DRB1*04:01
KWGHMIDNAFWVAVN,HLA-DRB1*04:04
NEILWWCQLMSYKCQ,HLA-DRB1*04:01
EEMWNACKNYRNNGP,HLA-DRB1*04:04
LPLGYNGWMPVRHKI,HLA-DRB1*04:01
FYRQSHPRGNYFLGG,HLA-DRB1*04:01
IKPTKFYAVTWDEDS,HLA-DRB1*04:01
SCINHLYRYFDHKVV,HLA-DRB1*01:01
EVWFLKKCRIKRYRA,HLA-DRB1*04:04
CMAIYLEDPWENVTT,HLA-DRB1*04:01
QKYTFGTLVDREHHF,HLA-DRB1*01:01
WCKTPWNATLSYKCH,HLA-DRB1*04:04
FGRHMVIIFPVNNWG,HLA-DRB1*04:01
PSNCIMRRGRKAIVS,HLA-DRB1*04:04
FEWMGPNQQSRFRIV,HLA-DRB1*04:04
HQSCAVYKVYIDRKS,HLA-DRB1*04:01
ETMQLIQCVGAVMRT,HLA-DRB1*04:01
EMGDYYNCRINETMS,HLA-DRB1*04:01
DTCHKLIFNLDQVRL,HLA-DRB1*04:01
QATCKEPTGLFARQN,HLA-DRB1*01:01
MIHFIREWWLHHLTV,HLA-DRB1*04:01
MYTDHSVNFLSHPRM,HLA-DRB1*01:01
IRMTWEWPHNYNCGD,HLA-DRB1*04:04
THNWCGWPMISTVFK,HLA-DRB1*01:01
ALACAQGCFAYMRQV,HLA-DRB1*04:01
NSMQWMNEKDATASH,HLA-DRB1*01:01
NLGTFNNCGIITHVL,HLA-DRB1*01:01
FHCGIDQLCRMSHFA,HLA-DRB1*04:04
QIMYTALHLYDWVEG,HLA-DRB1*04:04
HLLTTHGTILQHTTV,HLA-DRB1*04:01
DYHKAIGLIYWPWMI,HLA-DRB1*04:01
WTMDYCGQPVDIFPQ,HLA-DRB1*01:01
EQMPAGWFSQQLHVV,HLA-DRB1*04:01
KRHCKEYISNAEAEF,HLA-DRB1*01:01
NLGTFNNCGIITHVL,HLA-DRB1*04:04
VHEPCQCLKKPTVSH,HLA-DRB1*01:01
FWIEFQQPEIPYGFY,HLA-DRB1*04:01
DFNCNIRMCGWMDMH,HLA-DRB1*01:01
YWPMKCMISDWCLCW,HLA-DRB1*01:01
GYIETSFRYTLLACH,HLA-DRB1*01:01
GKMSRSADTLSWRVP,HLA-DRB1*01:01
QICHNFSWNQVFHAH,HLA-DRB1*04:04
ASYPRYDIYMTECER,HLA-DRB1*04:01
TAGLVWIFENKVVNA,HLA-DRB1*04:01
FCEPILHEHVWIHQY,HLA-DRB1*04:01
CNIGGSVRNVLMWIP,HLA-DRB1*01:01
LMAWNHTYQMKHPGN,HLA-DRB1*04:04
WTTNRFRYKLVWYNN,HLA-DRB1*04:04
WTWHKTKGPCGVNAT,HLA-DRB1*01:01
FYWYFIWQIEKVCAG,HLA-DRB1*04:04
QCRLTTMEFMNNCWM,HLA-DRB1*01:01
SPACSEQIPRWSNMF,HLA-DRB1*01:01
KKWWGIWKDEQSPDI,HLA-DRB1*04:04
EKPWQKENGACHRYT,HLA-DRB1*04:01
NHMFRAKGSGEQGPH,HLA-DRB1*04:01
SDIWFCQVTWEWSKV,HLA-DRB1*01:01
DMKMTFYPGPKQLGF,HLA-DRB1*04:01
QRSFPHCTISLNATD,HLA-DRB1*04:04
PTYVMCFGPDPHVTN,HLA-DRB1*04:04
GRLEVLEEGYMVRHA,HLA-DRB1*04:04
SEWVVWVHADMKHVL,HLA-DRB1*04:01
YLAYWVGVAAAGWSN,HLA-DRB1*04:04
LECCRMRKIQACWHF,HLA-DRB1*04:01
EQMPAGWFSQQLHVV,HLA-DRB1*04:04
VSDQIHLYMELNHCY,HLA-DRB1*01:01
VWVNDHWLKLMLRQC,HLA-DRB1*01:01
CMAFHSKHTSEVTWQ,HLA-DRB1*04:01
RCKGVLLIQKHDQQL,HLA-DRB1*01:01
AKVYMKWMWEQHMFG,HLA-DRB1*04:01
MVITECAFYVNHKKQ,HLA-DRB1*04:04
FISQTAEFMMNQKLV,HLA-DRB1*04:04
PMDWWAIAQQFLEKW,HLA-DRB1*04:04
TKVYWFEFKAHENTK,HLA-DRB1*04:01
FTKEYVNWWHVNDGC,HLA-DRB1*01:01
KPQVLIEAQFFHKIQ,HLA-DRB1*04:01
SPQSLWDVFETYLMP,HLA-DRB1*04:01
SVKQISHGGMIMSTE,HLA-DRB1*04:04
RKHVYWDLMHAYIKE,HLA-DRB1*04:01
EELPCYSTPYNVSIR,HLA-DRB1*01:01
PRGPFFTEYYIMYPA,HLA-DRB1*04:04
PILFEQQGYNYVIFP,HLA-DRB1*04:01
WTYYYRCKHCTGLVD,HLA-DRB1*01:01
LVFATWITDTAFYWD,HLA-DRB1*01:01
AIYHGDTYQIHSVLW,HLA-DRB1*01:01
GWCDVWEMSLAWIPH,HLA-DRB1*04:01
KMTPDLCVSLLACSR,HLA-DRB1*04:01
FKTGDYPMMHHMSWN,HLA-DRB1*04:04
SCGRFGYSMCLVNHE,HLA-DRB1*04:04
QCRLTTMEFMNNCWM,HLA-DRB1*04:04
EVVNKSYVTRSSEYS,HLA-DRB1*01:01
GQFCQTGMIVTYSAS,HLA-DRB1*04:01
VMVIMMDHEDDIHHV,HLA-DRB1*04:01
LMHIFIDKQMFWLKA,HLA-DRB1*04:01
AGFNKESSWAQPEHI,HLA-DRB1*04:04
DFAFQGQWPGGEKHQ,HLA-DRB1*01:01
LRYCTMKCGNVYPVW,HLA-DRB1*04:01
LMFFQFWEQRGRNEG,HLA-DRB1*04:04
WDYYLIFDKHKISAD,HLA-DRB1*04:04
YMCEGGDARVFHFKE,HLA-DRB1*01:01
NHRMQLEGFMAENDP,HLA-DRB1*04:04
TWIYAMPEKELRKLS,HLA-DRB1*04:01
HIRTKKLACHNNLTA,HLA-DRB1*01:01
IIYMLPIILIQCRRY,HLA-DRB1*04:01
CAILFCKYQRVCDED,HLA-DRB1*04:04
SFPQNRKHCILIINV,HLA-DRB1*01:01
YNFKSWIDTIMCFTE,HLA-DRB1*01:01
TDLFSTQNERLVFYI,HLA-DRB1*04:01
FMKVEKYHVFFHGQM,HLA-DRB1*04:04
SFYGYPDGHEIHMKS,HLA-DRB1*01:01
YAVPYMKRYHLFQVD,HLA-DRB1*04:04
HLGHCLKDNRMAMYV,HLA-DRB1*04:04
KRHCKEYISNAEAEF,HLA-DRB1*04:04
LQRLEVRMVMYNKIL,HLA-DRB1*04:01
RMRTESWTNSFQILH,HLA-DRB1*04:01
VTPAKGLKYWYLRPW,HLA-DRB1*01:01
SWYIIRDWRMTDDIL,HLA-DRB1*04:01
TGCVRCSFSSMDPAF,HLA-DRB1*04:01
CNKEFQDAFAIIEKM,HLA-DRB1*04:04
CVNMWTQHYVKWRDS,HLA-DRB1*04:04
RTCRRSITWEEYAQV,HLA-DRB1*04:04
SDCIFGFQNWLEHAV,HLA-DRB1*04:01
ILPAKNNGRNVHSHG,HLA-DRB1*04:01
DVLCFAWEMTEGKQV,HLA-DRB1*04:04
CMAIYLEDPWENVTT,HLA-DRB1*01:01
RFFKVKCRYNHIACF,HLA-DRB1*04:04
VMPPELTCLNFAMPC,HLA-DRB1*01:01
SGWNCAVMICAPNER,HLA-DRB1*04:01
GDIFFQVGDMVMYLL,HLA-DRB1*04:04
QKYTFGTLVDREHHF,HLA-DRB1*04:04
CMLRMKTHIYKSDHA,HLA-DRB1*04:01
MTYDCYDNTTDVVNR,HLA-DRB1*04:01
NTIMPSSWYQTVFMK,HLA-DRB1*01:01
RFDNSYIIAVKHTKT,HLA-DRB1*04:01
CKMREVMNETKWIDT,HLA-DRB1*04:04
TEQLFVTWTRQENMN,HLA-DRB1*04:01
GVQMNCLVPVCVNAF,HLA-DRB1*04:04
IVVYYHIHAHVFEFV,HLA-DRB1*04:04
SHIQMVEQFAPALST,HLA-DRB1*04:01
FTMCALVNRWEYDAM,HLA-DRB1*01:01
QSWIATQVHENIWPQ,HLA-DRB1*01:01
RDMVCLGLLAFKRHC,HLA-DRB1*04:01
AVITHQMLRRCITYM,HLA-DRB1*04:01
MEAKYCLGQMNFQFY,HLA-DRB1*04:04
CQVYYPCTHHLPWGR,HLA-DRB1*04:01
WEWKIGPWPYIWIFF,HLA-DRB1*04:01
LQLDYMAYGRTPMPH,HLA-DRB1*04:04
QRSFPHCTISLNATD,HLA-DRB1*01:01
PETWNLKKLWYYSPM,HLA-DRB1*04:04
DAKPWALKQVRSNPG,HLA-DRB1*04:04
EGESEHICFMVSYMQ,HLA-DRB1*01:01
WGRTYCVSTYARCRI,HLA-DRB1*04:04
QYTENHGGSSNGYAN,HLA-DRB1*01:01
GMELRIRSTCHVDFS,HLA-DRB1*04:01
DIDANMTFACRTQVL,HLA-DRB1*04:04
KNFWLGYMLQLIEIA,HLA-DRB1*04:04
VRHVKEVLTVICYTS,HLA-DRB1*01:01
QICWSWGTKAHWFGS,HLA-DRB1*01:01
PERWADTCINRTFNP,HLA-DRB1*04:01
CEGYCCNNTGDNAQK,HLA-DRB1*04:01
AWLWVKLVWITSEPI,HLA-DRB1*04:01
CSWCVAESDHWSRVK,HLA-DRB1*01:01
IQMKVTSHEEGVLMI,HLA-DRB1*04:04
RCKGVLLIQKHDQQL,HLA-DRB1*04:01
RAHSMMIGRYKRICL,HLA-DRB1*04:04
WWHNSTNYEANKQTM,HLA-DRB1*01:01
GKVPCANYQVMQDCN,HLA-DRB1*04:04
HLLDQCPMSIYQANY,HLA-DRB1*04:04
RNAQTYVFQGREYVL,HLA-DRB1*04:01
CMAIYLEDPWENVTT,HLA-DRB1*04:04
KSVVKHHYIHCAQGF,HLA-DRB1*01:01
LRYCTMKCGNVYPVW,HLA-DRB1*04:04
GRLEVLEEGYMVRHA,HLA-DRB1*04:01
GDIFFQVGDMVMYLL,HLA-DRB1*04:01
SVKSQTCWTNIIAYE,HLA-DRB1*04:04
GAWIVCRCDETKMIY,HLA-DRB1*01:01
AFMLFPRVNGGGIHK,HLA-DRB1*04:04
DWVSRNFPAFSGQPT,HLA-DRB1*04:01
SDIWFCQVTWEWSKV,HLA-DRB1*04:01
NHMFRAKGSGEQGPH,HLA-DRB1*04:04
LTQLRNYWEATGWCS,HLA-DRB1*01:01
QRKISSHSYNSFSRI,HLA-DRB1*01:01
CYQNYMVTTHCYDVW,HLA-DRB1*04:04
ESAMSAIAKHCSPHG,HLA-DRB1*01:01
WISYMEPSNQCDCIR,HLA-DRB1*04:01
DICDAWFAFIPLHEF,HLA-DRB1*01:01
VRALRHQFGRVEWIR,HLA-DRB1*04:01
GRMKHHGVMAKNNHT,HLA-DRB1*04:04
LGTTCLIMGKIMYRA,HLA-DRB1*04:01
HNIITKSQDHLNWCF,HLA-DRB1*04:04
TLYSDMVWPKQWSWF,HLA-DRB1*04:04
PKHDKIDMMKTCDQK,HLA-DRB1*01:01
TWINKWCHAFQFSWM,HLA-DRB1*01:01
SVKSQTCWTNIIAYE,HLA-DRB1*01:01
HNFQLHAHKIYGSHA,HLA-DRB1*04:01
EATAYCREDYCSVFK,HLA-DRB1*01:01
TTYNWLQLMPYMCDI,HLA-DRB1*04:01
NTIMPSSWYQTVFMK,HLA-DRB1*04:04
PRRNQQCMENVRRIG,HLA-DRB1*01:01
MYTDHSVNFLSHPRM,HLA-DRB1*04:01
NLHTGVLQSWEIYGH,HLA-DRB1*04:04
EMHCMTIDEQVKKVW,HLA-DRB1*04:04
CSWCVAESDHWSRVK,HLA-DRB1*04:04
QRPYPQVGIKFYSSA,HLA-DRB1*01:01
YHAVMNNAQRDHMHI,HLA-DRB1*04:04
AWEWIVFRPTFPWYM,HLA-DRB1*04:01
YSCMCNRKGVAQAVC,HLA-DRB1*04:01
WEYHHYTPDLSEHME,HLA-DRB1*04:04
MCDDVYLCVPNTKCG,HLA-DRB1*04:04
FMQRETKFMYYRECQ,HLA-DRB1*04:04
PKHDKIDMMKTCDQK,HLA-DRB1*04:01
LEIDVSWNMTIYYFH,HLA-DRB1*04:04
EVVNKSYVTRSSEYS,HLA-DRB1*04:01
WVPVSLYMKPEINEQ,HLA-DRB1*01:01
FALIKLEKFPQKTCN,HLA-DRB1*04:01
KWEWQFEERVIMGQP,HLA-DRB1*04:01
TFCEPMLAEQILVSD,HLA-DRB1*04:01
CVDSHCKVDNCNFAF,HLA-DRB1*04:01
DGRVMFCDYRHVLRV,HLA-DRB1*04:01
KRHCKEYISNAEAEF,HLA-DRB1*04:01
SYEQIYFKLMQYHNQ,HLA-DRB1*04:04
CWSLFTKGMIASDCH,HLA-DRB1*04:04
ARRVHQFTAPKFDWQ,HLA-DRB1*01:01
ILEAQCVTARNRKLL,HLA-DRB1*04:04
AMSRTHTPCAPVQIR,HLA-DRB1*04:04
FYPNQQKEWYINNSC,HLA-DRB1*01:01
IMSSVNEYPGNMDRK,HLA-DRB1*04:04
DFLNVCKAYDNAAPC,HLA-DRB1*04:04
ERDLNYYTKSHTIIT,HLA-DRB1*04:01
MNRTIEKMGMCIVFH,HLA-DRB1*04:01
WTTNRFRYKLVWYNN,HLA-DRB1*04:01
FTWGMIWCQAEGWHH,HLA-DRB1*04:04
GRLFVDIQKSYCDSG,HLA-DRB1*01:01
TCMRLREKCSRVGCG,HLA-DRB1*01:01
QSASGHMLWALRTEL,HLA-DRB1*04:01
YDVIKIRECLDPRKL,HLA-DRB1*04:04
WDWNVSDIQANGIAQ,HLA-DRB1*04:04
VDRWRTLSRVRGEWI,HLA-DRB1*04:04
ILESPCFYTIDFSLV,HLA-DRB1*04:04
TGCVRCSFSSMDPAF,HLA-DRB1*01:01
ASHWKTKGIQQQMNR,HLA-DRB1*04:01
LEDPEYMMWEPTKIY,HLA-DRB1*04:04
DCLFTCVHFQAYKWM,HLA-DRB1*04:04
ATWMGWVTMDCQIQM,HLA-DRB1*01:01
ILESPCFYTIDFSLV,HLA-DRB1*04:01
QASQWFFCTAFCEKG,HLA-DRB1*04:01
LQLDYMAYGRTPMPH,HLA-DRB1*04:01
RDLGQFSHDDSLRKG,HLA-DRB1*04:04
EIVDDARLMMVSPRG,HLA-DRB1*01:01
IYPWKWGVCHFLMYW,HLA-DRB1*04:04
HHRILRHSGRVKMSW,HLA-DRB1*04:01
SCGRFGYSMCLVNHE,HLA-DRB1*04:01
YDLRAQEIRDLVNMH,HLA-DRB1*01:01
MVKKRSFGNFCHPHM,HLA-DRB1*04:04
RDLDGRWFSIPHMQI,HLA-DRB1*04:04
SVKSQTCWTNIIAYE,HLA-DRB1*04:01
NVNLNLCGICEAGTS,HLA-DRB1*04:04
MWQCVIIGKVQAHMY,HLA-DRB1*04:01
GVHWIKLWWCKLHME,HLA-DRB1*04:04
DICDAWFAFIPLHEF,HLA-DRB1*04:04
NYSNPKRCFLDLLLF,HLA-DRB1*01:01
ESLRLNQIGPRNEAA,HLA-DRB1*04:01
RDLDGRWFSIPHMQI,HLA-DRB1*01:01
PMDWWAIAQQFLEKW,HLA-DRB1*04:01
EQSMSYECNITHIYP,HLA-DRB1*01:01
NVNLNLCGICEAGTS,HLA-DRB1*01:01
DGRVMFCDYRHVLRV,HLA-DRB1*04:04
KAVCQIGCRVGQAKL,HLA-DRB1*04:04
PRGPFFTEYYIMYPA,HLA-DRB1*01:01
YPRYPHNFKMKNFTM,HLA-DRB1*01:01
EMHCMTIDEQVKKVW,HLA-DRB1*01:01
LMECPDVYSNKLTFS,HLA-DRB1*01:01
AWIRAWDQKRVMETH,HLA-DRB1*04:01
WKKGYNQKIFRFVLP,HLA-DRB1*04:01
RLFPDSIHNVSAMED,HLA-DRB1*04:04
IMECKVEVFMPHCSN,HLA-DRB1*01:01
NSMQWMNEKDATASH,HLA-DRB1*04:04
KSVVKHHYIHCAQGF,HLA-DRB1*04:01
AVDAVRGRPPLFYYK,HLA-DRB1*04:04
FRCCEAFWLMNALLW,HLA-DRB1*04:01
YLFRWAYFTHKHWVL,HLA-DRB1*04:04
NTWIQRNYEWSVDMI,HLA-DRB1*04:01
IREMQCCNYCMEIVC,HLA-DRB1*01:01
WWLWIGCQYRNCTQY,HLA-DRB1*01:01
CYQNYMVTTHCYDVW,HLA-DRB1*01:01
VSDQIHLYMELNHCY,HLA-DRB1*04:04
WAGAECMGCVIKWFS,HLA-DRB1*01:01
DSAIWWLEFDYHMTN,HLA-DRB1*01:01
FHKQLFTHPPHDPYY,HLA-DRB1*01:01
ASSMSTSYVDMDISI,HLA-DRB1*04:04
VWVNDHWLKLMLRQC,HLA-DRB1*04:04
NFHPVSQITWFQIIE,HLA-DRB1*01:01
LIEPKRMVRACQNQI,HLA-DRB1*04:04
KIRSNHDLKADMSIP,HLA-DRB1*01:01
EAWNSYWEIAPIATA,HLA-DRB1*04:04
MKFSHIHRYTWGQGF,HLA-DRB1*01:01
GTTDQYCQWQMVIDV,HLA-DRB1*01:01
AWIRAWDQKRVMETH,HLA-DRB1*04:04
YNCLFWAHMPEDTKP,HLA-DRB1*04:04
WDYYLIFDKHKISAD,HLA-DRB1*04:01
AADMKEMPINAWTMF,HLA-DRB1*04:01
KSHCLRMCIFWQLDV,HLA-DRB1*04:01
LMFFQFWEQRGRNEG,HLA-DRB1*04:01
IKSCVPYDPGVGMGD,HLA-DRB1*01:01
FRKFDKYKSCVFKYL,HLA-DRB1*04:01
TTLCMTLCWRMILDL,HLA-DRB1*04:04
GRMKHHGVMAKNNHT,HLA-DRB1*01:01
WDMWSQYSLANFIDE,HLA-DRB1*04:01
REGRAHARIIDYVIT,HLA-DRB1*01:01
QSHNELEIFRAPRYL,HLA-DRB1*04:01
EYNFNFNWDCKLECT,HLA-DRB1*04:01
FTWGMIWCQAEGWHH,HLA-DRB1*01:01
RHDVPWRYWWATEGM,HLA-DRB1*04:01
SRPAYRQGQMVHDQH,HLA-DRB1*01:01
KIRSNHDLKADMSIP,HLA-DRB1*04:04
WKKGYNQKIFRFVLP,HLA-DRB1*04:04
FLYQRMRQMLWSCWI,HLA-DRB1*04:04
MCFEYCTNVQVDSMH,HLA-DRB1*04:04
FHCGIDQLCRMSHFA,HLA-DRB1*01:01
VLGVMSMIARCQVST,HLA-DRB1*04:01
ATWMGWVTMDCQIQM,HLA-DRB1*04:04
MKKAYIPDQGNCYHF,HLA-DRB1*04:04
HLLDQCPMSIYQANY,HLA-DRB1*04:01
WTPLWPDMAFSHHEY,HLA-DRB1*04:01
NSNWSALNGVACAWN,HLA-DRB1*04:04
IELGQCQGQKEIMTD,HLA-DRB1*01:01
TYPDMQRQIDVIHVE,HLA-DRB1*01:01
AKPDIGTASFPGMPE,HLA-DRB1*04:04
WPAKANDRVAFPVQL,HLA-DRB1*01:01
GPTTPQCPQWLMWLS,HLA-DRB1*01:01
CDELVQKVLFSCKAY,HLA-DRB1*04:01
VNINWVTHGISCQKT,HLA-DRB1*01:01
MVITECAFYVNHKKQ,HLA-DRB1*04:01
VHKTFHSETKYKNKF,HLA-DRB1*04:04
QRSAYGPGHESAIHS,HLA-DRB1*01:01
RMRTESWTNSFQILH,HLA-DRB1*04:04
EFTKFQEFQMVKRWI,HLA-DRB1*04:04
HHMQMFRQLCWRTGR,HLA-DRB1*04:01
HEPALDGMQMYLNLQ,HLA-DRB1*04:04
EDQYLTMPKEKPQPM,HLA-DRB1*04:01
NSNWSALNGVACAWN,HLA-DRB1*04:01
VSFTFWDDTWWSIEF,HLA-DRB1*04:04
DFKCFCPLNQYCKIF,HLA-DRB1*04:04
ISWCCDSQNSMHLVS,HLA-DRB1*04:04
SLAMDTCASVVLRDP,HLA-DRB1*04:04
HRECVRPTLFRTAMF,HLA-DRB1*04:04
IKPTKFYAVTWDEDS,HLA-DRB1*04:04
WYRPFKCTVFNDARR,HLA-DRB1*04:04
ESAMSAIAKHCSPHG,HLA-DRB1*04:04
YWCRNPCPMHIRLVK,HLA-DRB1*04:01
ICKRWSAAKWSECKI,HLA-DRB1*01:01
TDLFSTQNERLVFYI,HLA-DRB1*04:04
LPLGYNGWMPVRHKI,HLA-DRB1*04:04
QAVDILHWAYTYHNF,HLA-DRB1*04:01
RLFPDSIHNVSAMED,HLA-DRB1*01:01
WWHNSTNYEANKQTM,HLA-DRB1*04:04
QKYTFGTLVDREHHF,HLA-DRB1*04:01
FHPNYEPSSYTGWEQ,HLA-DRB1*04:01
EPPMVCNMELMPCFK,HLA-DRB1*01:01
YLFRWAYFTHKHWVL,HLA-DRB1*04:01
LKQEIWFANLHWHCG,HLA-DRB1*04:01
TPYEIACDWRQKDIR,HLA-DRB1*01:01
WYKGMMDVMFAGVIG,HLA-DRB1*04:01
CLWSKYCTLGGHPDE,HLA-DRB1*04:01
PCWLSKATFYDWCFP,HLA-DRB1*01:01
FMKVEKYHVFFHGQM,HLA-DRB1*04:01
NQRNSPVYLKNAQLF,HLA-DRB1*04:01
AKPDIGTASFPGMPE,HLA-DRB1*04:01
VNINWVTHGISCQKT,HLA-DRB1*04:04
QARRKCQIGAKDMTA,HLA-DRB1*01:01
KHEKYNLVNKLCQCK,HLA-DRB1*01:01
NDMEKKIVPLYCGMK,HLA-DRB1*01:01
NTWIQRNYEWSVDMI,HLA-DRB1*04:04
EATAYCREDYCSVFK,HLA-DRB1*04:01
QFWKQWSGDHSEQVI,HLA-DRB1*04:04
QEGCKKVVANADCWW,HLA-DRB1*04:04
MIDRVYEINQDPPNK,HLA-DRB1*04:04
VPVYEHWGTFTKQKH,HLA-DRB1*01:01
PKWDEIIEKCICLQG,HLA-DRB1*01:01
ATWMGWVTMDCQIQM,HLA-DRB1*04:01
QCRLTTMEFMNNCWM,HLA-DRB1*04:01
SNMCSMDCAVYWMCP,HLA-DRB1*01:01
SSFLDYGTGGQDDNQ,HLA-DRB1*04:01
MHGHNDVSDWLLYIK,HLA-DRB1*01:01
HVGRQQRSYDAYNKN,HLA-DRB1*04:01
NTQLRWQGIFYRPTC,HLA-DRB1*04:01
TTWSCTCAHTMRFAD,HLA-DRB1*04:01
TWHCQNHVVLKNVRR,HLA-DRB1*04:04
LYNILEIGYRWAEYW,HLA-DRB1*04:04
DGRLSATLNPKPHSM,HLA-DRB1*01:01
CMYWCYNHYYMSYKT,HLA-DRB1*04:01
KHEKYNLVNKLCQCK,HLA-DRB1*04:01
AYYNAENVIWAVFQA,HLA-DRB1*04:04
LWDNPQYKRVPALGI,HLA-DRB1*01:01
YGEMDTKASGWNFKL,HLA-DRB1*01:01
GWCDVWEMSLAWIPH,HLA-DRB1*04:04
HNNVMMMCKWQCWPP,HLA-DRB1*04:04
QEAWPYYMDYASHFD,HLA-DRB1*01:01
EGHIINTSRFPPQEY,HLA-DRB1*04:04
REGRAHARIIDYVIT,HLA-DRB1*04:04
NHNVAFQYETKGVEH,HLA-DRB1*01:01
EMGDYYNCRINETMS,HLA-DRB1*01:01
QDSSEYCISSKGIQY,HLA-DRB1*04:01
KDYGAIPDFNNYPFY,HLA-DRB1*01:01
KSTMREFYKAHPAIV,HLA-DRB1*04:01
ACWKCAPYEVPFVKP,HLA-DRB1*01:01
SRYLGVEFLVGTYHP,HLA-DRB1*04:01
NFHPVSQITWFQIIE,HLA-DRB1*04:04
SFPQNRKHCILIINV,HLA-DRB1*04:04
PHYHMPQKFNVTFID,HLA-DRB1*04:04
LNIPENYNNATWVII,HLA-DRB1*04:01
LMQKEILNQRYPMHI,HLA-DRB1*04:01
ASHWKTKGIQQQMNR,HLA-DRB1*04:04
FMQRETKFMYYRECQ,HLA-DRB1*04:01
MPTFPMGGGLQIKKY,HLA-DRB1*04:04
VPVYEHWGTFTKQKH,HLA-DRB1*04:04
WDMWSQYSLANFIDE,HLA-DRB1*04:04
KNHCPFVMTGHKWDR,HLA-DRB1*01:01
HAHCQQYEGAINRWD,HLA-DRB1*01:01
DTTQCKGEWTGYLWH,HLA-DRB1*01:01
YWPMKCMISDWCLCW,HLA-DRB1*04:01
DIDANMTFACRTQVL,HLA-DRB1*04:01
VMPPELTCLNFAMPC,HLA-DRB1*04:04
TQMIDTVKWPPAIAV,HLA-DRB1*04:01
GRLFVDIQKSYCDSG,HLA-DRB1*04:01
LLCPFVIPDEGYNDN,HLA-DRB1*04:04
FTPECMTVYHEASYP,HLA-DRB1*01:01
DHTIKESPDWMFEWC,HLA-DRB1*04:01
QWQRFSTPHWITSDR,HLA-DRB1*04:04
TSMPWMLEMWANDTC,HLA-DRB1*04:01
TLYSDMVWPKQWSWF,HLA-DRB1*01:01
QSWIATQVHENIWPQ,HLA-DRB1*04:04
EFHLGFFCCPHQQND,HLA-DRB1*04:04
RLFPDSIHNVSAMED,HLA-DRB1*04:01
ILPAKNNGRNVHSHG,HLA-DRB1*01:01
KAVCQIGCRVGQAKL,HLA-DRB1*04:01
FTKEYVNWWHVNDGC,HLA-DRB1*04:04
DYVAEVMVTWEPCAC,HLA-DRB1*04:04
DCLFTCVHFQAYKWM,HLA-DRB1*04:01
SNMCSMDCAVYWMCP,HLA-DRB1*04:01
RMLMRNYDHMDRHAF,HLA-DRB1*04:01
WKHCMDHLRYIKTVI,HLA-DRB1*04:01
VNINWVTHGISCQKT,HLA-DRB1*04:01
DFKCFCPLNQYCKIF,HLA-DRB1*04:01
SNSGEWTSSVDANCS,HLA-DRB1*04:01
DHTIKESPDWMFEWC,HLA-DRB1*04:04
EWLEEFAYHGQVTTG,HLA-DRB1*04:01
RRPWPKSMMDTMGQM,HLA-DRB1*04:04
SSNYHTCLSHESCIM,HLA-DRB1*04:04
EPMGRIWIWPLLYWV,HLA-DRB1*04:01
VFGRVRMRFVTVWRE,HLA-DRB1*04:01
IMDSHSWFSWMVAQH,HLA-DRB1*04:04
CGCILFFKGGFIKNC,HLA-DRB1*04:01
NTDCIWCCNHSVCIG,HLA-DRB1*01:01
TTWSCTCAHTMRFAD,HLA-DRB1*04:04
WRIQEQEIYCLVEYI,HLA-DRB1*01:01
TWIYAMPEKELRKLS,HLA-DRB1*04:04
MMPASNCCITLEFPA,HLA-DRB1*01:01
GQYISGHWKGQAESI,HLA-DRB1*01:01
QCIMNPQQRQKCWNR,HLA-DRB1*04:01
RKMAQNMWWITWWFN,HLA-DRB1*04:04
DYREKSHMHSFRGDN,HLA-DRB1*04:04
HRIIRTHELEWGKIG,HLA-DRB1*04:01
LFIPYIHPVRFDRFS,HLA-DRB1*04:01
ASYPRYDIYMTECER,HLA-DRB1*04:04
DLACQWQKCMYAISP,HLA-DRB1*04:01
LQNSGMPWYIGTNAP,HLA-DRB1*01:01
EMVCISEIIANRCDP,HLA-DRB1*04:01
IWEQHAKVWVSGYRW,HLA-DRB1*04:01
LTRIAAVRKYCWNCH,HLA-DRB1*04:01
SDENEAYNLKWLGLD,HLA-DRB1*01:01
AAICVWYIMQFFWTI,HLA-DRB1*01:01
TCVQLRHITYVYEMV,HLA-DRB1*04:01
DNLRMWNITNKQNNE,HLA-DRB1*04:01
VETRCWGSKLNPNSQ,HLA-DRB1*04:01
PGEVVIMYFHMRMFV,HLA-DRB1*04:01
CSPLYMYLWHYTGFY,HLA-DRB1*04:01
CWSLFTKGMIASDCH,HLA-DRB1*04:01
KHEKYNLVNKLCQCK,HLA-DRB1*04:04
ILEAQCVTARNRKLL,HLA-DRB1*04:01
QVGSARFLSTDRCHE,HLA-DRB1*01:01
HRQFGTNFGQVQQYV,HLA-DRB1*04:04
TVNALVVVPKAPNHD,HLA-DRB1*04:01
MYTHQKLPTQEDVYW,HLA-DRB1*04:04
YNANIWSSGKKGAFG,HLA-DRB1*04:04
YSCMCNRKGVAQAVC,HLA-DRB1*04:04
ASHWKTKGIQQQMNR,HLA-DRB1*01:01
YWKILCMADYICGFR,HLA-DRB1*04:01
YDLRAQEIRDLVNMH,HLA-DRB1*04:04
TWHCQNHVVLKNVRR,HLA-DRB1*04:01
DAKPWALKQVRSNPG,HLA-DRB1*04:01
PQCHKKIIGTMTDAH,HLA-DRB1*04:01
SYEQIYFKLMQYHNQ,HLA-DRB1*04:01
RFFKVKCRYNHIACF,HLA-DRB1*04:01
WGKMLKSPCDEQNDH,HLA-DRB1*01:01
RHDVPWRYWWATEGM,HLA-DRB1*04:04
YVKWRHPRNRPVLWH,HLA-DRB1*04:04
IYPWKWGVCHFLMYW,HLA-DRB1*04:01
SPADQTSYPVYYVYY,HLA-DRB1*01:01
SEMQGSRQYYRFVPM,HLA-DRB1*01:01
TPMTWIVRTDWAMDN,HLA-DRB1*01:01
FHCGIDQLCRMSHFA,HLA-DRB1*04:01
TDVYCPTMKQHNKGH,HLA-DRB1*01:01
IREMQCCNYCMEIVC,HLA-DRB1*04:04
QVGSARFLSTDRCHE,HLA-DRB1*04:01
QCIMNPQQRQKCWNR,HLA-DRB1*01:01
LFNHQDNIDHMSSRD,HLA-DRB1*04:04
CPIIHCKKLPYHQPQ,HLA-DRB1*04:04
IMECKVEVFMPHCSN,HLA-DRB1*04:01
GAWIVCRCDETKMIY,HLA-DRB1*04:01
RTFFNFWSYEWCHIA,HLA-DRB1*01:01
YPRYPHNFKMKNFTM,HLA-DRB1*04:04
ECHESQYYRWECAIC,HLA-DRB1*01:01
QVWEIHSYFRTLCDV,HLA-DRB1*04:04
CHRVTVQIHMCVMQF,HLA-DRB1*04:01
AMSRTHTPCAPVQIR,HLA-DRB1*04:01
LSKTVHAQIETYPHN,HLA-DRB1*04:01
YTTQLDRFMDEFHVT,HLA-DRB1*01:01
IQQWWILCYDKIHDP,HLA-DRB1*04:04
DSAIWWLEFDYHMTN,HLA-DRB1*04:01
CVNMWTQHYVKWRDS,HLA-DRB1*04:01
FKTGDYPMMHHMSWN,HLA-DRB1*04:01
HGLQEQRRFLEFMNY,HLA-DRB1*01:01
TWINKWCHAFQFSWM,HLA-DRB1*04:04
WWLWIGCQYRNCTQY,HLA-DRB1*04:04
PHNATVAMDQSCGQW,HLA-DRB1*04:04
HRDCYGLKDTHYQHH,HLA-DRB1*04:01
KWEWQFEERVIMGQP,HLA-DRB1*04:04
SRPAYRQGQMVHDQH,HLA-DRB1*04:01
FRCCEAFWLMNALLW,HLA-DRB1*04:04
EFTKFQEFQMVKRWI,HLA-DRB1*04:01
WAAGYLAVGLGGWNT,HLA-DRB1*04:04
IWEQHAKVWVSGYRW,HLA-DRB1*04:04
TKEYLTQARGHDNMA,HLA-DRB1*04:01
NWCECTFFIMPKVDC,HLA-DRB1*04:04
FGYGYDPKVFSSMKC,HLA-DRB1*01:01
DYVAEVMVTWEPCAC,HLA-DRB1*01:01
SVKQISHGGMIMSTE,HLA-DRB1*04:01
NFHPVSQITWFQIIE,HLA-DRB1*04:01
WTWHKTKGPCGVNAT,HLA-DRB1*04:01
TPQMTTIMKMHWASQ,HLA-DRB1*04:01
WTLCDNSLWIHQWQC,HLA-DRB1*01:01
DVAQNKGQIFPAKKE,HLA-DRB1*01:01
LTPQYPVVNEQNFEH,HLA-DRB1*01:01
PRLAMGRVTDFVCWN,HLA-DRB1*04:01
GFWPCEEYHVPCEQT,HLA-DRB1*01:01
VDRWRTLSRVRGEWI,HLA-DRB1*04:01
HREWFPTRCFGINEP,HLA-DRB1*04:01
LHMKQNKRQIGVTPE,HLA-DRB1*04:04
SKLRAPGHTCVIMVY,HLA-DRB1*04:04
QASQWFFCTAFCEKG,HLA-DRB1*04:04
IWVGRGTFHCFLCHV,HLA-DRB1*01:01
LQVAHPALHWIHQGE,HLA-DRB1*04:01
CMVKTKEKRVITKIK,HLA-DRB1*01:01
METCGWQASHMETWN,HLA-DRB1*01:01
QINWWQMCFTCGDPK,HLA-DRB1*04:01
HVGRQQRSYDAYNKN,HLA-DRB1*04:04
HPFDYAVCGQGWEGY,HLA-DRB1*01:01
LFNHQDNIDHMSSRD,HLA-DRB1*01:01
PHYHMPQKFNVTFID,HLA-DRB1*04:01
TRSILYTYYTTGWWQ,HLA-DRB1*04:01
SWTQCSAPARGVDWF,HLA-DRB1*04:01
PEPGEMLCKCWHVVF,HLA-DRB1*04:04
HYEESVRTHTCNASM,HLA-DRB1*04:01
NTIMPSSWYQTVFMK,HLA-DRB1*04:01
EYNFNFNWDCKLECT,HLA-DRB1*01:01
QCIMNPQQRQKCWNR,HLA-DRB1*04:04
SFLGRFTGQGGGTVS,HLA-DRB1*04:01
FTKEYVNWWHVNDGC,HLA-DRB1*04:01
LHMKQNKRQIGVTPE,HLA-DRB1*01:01
MHLCMPQHILMERCP,HLA-DRB1*04:01
SLPERWVHPAVDWNE,HLA-DRB1*01:01
NHNVAFQYETKGVEH,HLA-DRB1*04:01
WVVIRFRKENQDEKD,HLA-DRB1*01:01
ASKTDHAKRHLRGRL,HLA-DRB1*01:01
VQKKCGDGNFVWQSL,HLA-DRB1*01:01
AMSRTHTPCAPVQIR,HLA-DRB1*01:01
NYSNPKRCFLDLLLF,HLA-DRB1*04:04
FTWGMIWCQAEGWHH,HLA-DRB1*04:01
VNFSPVVDVMDTVCT,HLA-DRB1*01:01
GCIQIRGMRCAKKHH,HLA-DRB1*04:01
NDMEKKIVPLYCGMK,HLA-DRB1*04:04
WWQNLWCNYFIPKCI,HLA-DRB1*01:01
YSDVQMLWRFVEDTT,HLA-DRB1*01:01
CNIGGSVRNVLMWIP,HLA-DRB1*04:04
WKGNVTKTLFRPLAG,HLA-DRB1*04:04
WPWHPANEFIWRHFR,HLA-DRB1*01:01
DHEYPTVTSQPNIAT,HLA-DRB1*04:04
QRPYPQVGIKFYSSA,HLA-DRB1*04:04
MYTHQKLPTQEDVYW,HLA-DRB1*01:01
QEGCKKVVANADCWW,HLA-DRB1*04:01
DYREKSHMHSFRGDN,HLA-DRB1*01:01
HMMVRKSIIEGKKWN,HLA-DRB1*04:01
LEIDVSWNMTIYYFH,HLA-DRB1*01:01
WAAGYLAVGLGGWNT,HLA-DRB1*04:01
WLYNAGRCTLIVKMP,HLA-DRB1*04:04
APDENWLSFGPKCHA,HLA-DRB1*01:01
KAFYVQFFVGWFWRC,HLA-DRB1*01:01
DYDNGHMYFLLGHEP,HLA-DRB1*01:01
RMLMRNYDHMDRHAF,HLA-DRB1*01:01
FLYQRMRQMLWSCWI,HLA-DRB1*04:01
HEVMQLFHFHTSGDS,HLA-DRB1*04:01
CLPWWWFPGHTVMLE,HLA-DRB1*04:04
DEYSVHFCQWHQAGV,HLA-DRB1*04:04
QSRYCQHMQCDPGMG,HLA-DRB1*01:01
HNIITKSQDHLNWCF,HLA-DRB1*04:01
RDLDGRWFSIPHMQI,HLA-DRB1*04:01
WDSLVGNAFSDSLQF,HLA-DRB1*04:01
FTPECMTVYHEASYP,HLA-DRB1*04:04
VSCDTECAYVTDIQG,HLA-DRB1*01:01
GYIETSFRYTLLACH,HLA-DRB1*04:04
TDVYCPTMKQHNKGH,HLA-DRB1*04:04
WDSLVGNAFSDSLQF,HLA-DRB1*04:04
AHHHYHRELKCQTYT,HLA-DRB1*01:01
SEINEQKNVFGDVKE,HLA-DRB1*01:01
DICDAWFAFIPLHEF,HLA-DRB1*04:01
RIANHKVYLFDPADA,HLA-DRB1*04:04
EELPCYSTPYNVSIR,HLA-DRB1*04:01
TEQLFVTWTRQENMN,HLA-DRB1*01:01
KDYGAIPDFNNYPFY,HLA-DRB1*04:04
GYIETSFRYTLLACH,HLA-DRB1*04:01
DTPGDHRQVTMLTEF,HLA-DRB1*04:04
IIHPWLNWYDSEQYI,HLA-DRB1*04:01
ASSMSTSYVDMDISI,HLA-DRB1*01:01
NTIWVCVVCNECYRM,HLA-DRB1*01:01
IKPTKFYAVTWDEDS,HLA-DRB1*01:01
QLEPADYISWFLMGS,HLA-DRB1*04:04
HNIITKSQDHLNWCF,HLA-DRB1*01:01
ARRVHQFTAPKFDWQ,HLA-DRB1*04:01
GKVPCANYQVMQDCN,HLA-DRB1*04:01
CPTCVMNDIYKLRES,HLA-DRB1*04:04
CSMEWMWLKEQVKDA,HLA-DRB1*04:04
HHQLSWMRKTHNMNP,HLA-DRB1*04:01
QSRYCQHMQCDPGMG,HLA-DRB1*04:04
GRYPKALAMEYWPWE,HLA-DRB1*01:01
ADSKNRNWPIWMWHL,HLA-DRB1*04:04
HGLQEQRRFLEFMNY,HLA-DRB1*04:04
MKFSHIHRYTWGQGF,HLA-DRB1*04:04
RLTHAHNQQRSQVPG,HLA-DRB1*01:01
PCSKEWRESNRTHAA,HLA-DRB1*01:01
FTMCALVNRWEYDAM,HLA-DRB1*04:01
KYLMDPERWRKGNSK,HLA-DRB1*04:01
LDFRSEYVDVILFFD,HLA-DRB1*04:04
LYNILEIGYRWAEYW,HLA-DRB1*04:01
QTKKTDREQAIISGR,HLA-DRB1*04:01
TDVYCPTMKQHNKGH,HLA-DRB1*04:01
KNFWLGYMLQLIEIA,HLA-DRB1*04:01
ASSMSTSYVDMDISI,HLA-DRB1*04:01
KDNCKFPEAEANNSF,HLA-DRB1*01:01
AHHHYHRELKCQTYT,HLA-DRB1*04:01
DFLNVCKAYDNAAPC,HLA-DRB1*04:01
SNFTQQSNKKWMVHP,HLA-DRB1*04:04
LSKTVHAQIETYPHN,HLA-DRB1*01:01
PKGLQLTCYMKLLGG,HLA-DRB1*04:01
SNYCRQLSYDGNVPE,HLA-DRB1*04:04
HYEESVRTHTCNASM,HLA-DRB1*04:04
HSSIHLTEERLHMVE,HLA-DRB1*04:01
WLYNAGRCTLIVKMP,HLA-DRB1*04:01
LYWSQIMFCKEMETD,HLA-DRB1*01:01
QTKKTDREQAIISGR,HLA-DRB1*04:04
RTFFNFWSYEWCHIA,HLA-DRB1*04:01
RTFFNFWSYEWCHIA,HLA-DRB1*04:04
MYTDHSVNFLSHPRM,HLA-DRB1*04:04
AFMLFPRVNGGGIHK,HLA-DRB1*04:01
PRRNQQCMENVRRIG,HLA-DRB1*04:04
VRHVKEVLTVICYTS,HLA-DRB1*04:01
HKCRSQVETYIYVSA,HLA-DRB1*04:01
HDIAKDGNHSGGMVF,HLA-DRB1*04:04
GGQVSECYTNVLEIM,HLA-DRB1*01:01
YNANIWSSGKKGAFG,HLA-DRB1*04:01
EQAHWQAGTEQLGSM,HLA-DRB1*04:01
FLPLCQARRGVMQQI,HLA-DRB1*04:01
FVETPMHSHENRCEV,HLA-DRB1*01:01
SDIWFCQVTWEWSKV,HLA-DRB1*04:04
IETALKMWKMMKQYA,HLA-DRB1*04:01
QRCNAQQPWWKVTQC,HLA-DRB1*01:01
TYPDMQRQIDVIHVE,HLA-DRB1*04:01
RSQNFPYGNWGGRSI,HLA-DRB1*01:01
MHDGCFSYRVCEATG,HLA-DRB1*01:01
CQLRLWWGHQVFIGD,HLA-DRB1*04:01
MYTHQKLPTQEDVYW,HLA-DRB1*04:01
KAFYVQFFVGWFWRC,HLA-DRB1*04:01
TDMHPHCNIPQRMHC,HLA-DRB1*04:04
PSEARVQPHDHVRIG,HLA-DRB1*01:01
SCHVGFHCMIGEKCD,HLA-DRB1*04:01
QRPYPQVGIKFYSSA,HLA-DRB1*04:01
GKVPCANYQVMQDCN,HLA-DRB1*01:01
VMMHVAELWWSYMGI,HLA-DRB1*04:01
EKEMERARRSGKKGK,HLA-DRB1*01:01
HHHIGNWRTFMNGGE,HLA-DRB1*04:01
DSPINMRYDICMGGT,HLA-DRB1*04:04
IQMKVTSHEEGVLMI,HLA-DRB1*04:01
RKMAQNMWWITWWFN,HLA-DRB1*04:01
VMVIMMDHEDDIHHV,HLA-DRB1*01:01
WYMVAWWWQMKWKQV,HLA-DRB1*04:04
EMHCRMWGFDNWADA,HLA-DRB1*04:04
ADSKNRNWPIWMWHL,HLA-DRB1*01:01
AVLSHDEMVQCWDYI,HLA-DRB1*04:01
TYPDMQRQIDVIHVE,HLA-DRB1*04:04
RNAQTYVFQGREYVL,HLA-DRB1*04:04
KAFYVQFFVGWFWRC,HLA-DRB1*04:04
DSAIWWLEFDYHMTN,HLA-DRB1*04:04
HYEESVRTHTCNASM,HLA-DRB1*01:01
QQMSWQQECSAPYQW,HLA-DRB1*04:04
WHSEMRTKIYTQEVG,HLA-DRB1*01:01
IQQWWILCYDKIHDP,HLA-DRB1*04:01
TPYEIACDWRQKDIR,HLA-DRB1*04:04
YQSGTNRNCKVIESL,HLA-DRB1*04:01
RRPWPKSMMDTMGQM,HLA-DRB1*04:01
QWMCNCRHYRDKVMA,HLA-DRB1*04:04
GPAVASAQQACLGNI,HLA-DRB1*04:04
SNMCSMDCAVYWMCP,HLA-DRB1*04:04
SCHVGFHCMIGEKCD,HLA-DRB1*04:04
KVSDFWNTQWWMMLI,HLA-DRB1*04:01
DEYSVHFCQWHQAGV,HLA-DRB1*04:01
ICDLGCSMCLFWLYH,HLA-DRB1*01:01
GSVAGYLPRLRYIVF,HLA-DRB1*04:01
NYPDLFCSMIGCAEY,HLA-DRB1*04:01
IREMQCCNYCMEIVC,HLA-DRB1*04:01
FHFRHPHPFVRHRVD,HLA-DRB1*04:01
IQSFSADNKFQYPGE,HLA-DRB1*04:04
NYPDLFCSMIGCAEY,HLA-DRB1*04:04
MVKKRSFGNFCHPHM,HLA-DRB1*04:01
IESVDHHIMGCGTCM,HLA-DRB1*04:04
PHPPIFGNKMALKIE,HLA-DRB1*04:04
EMHCMTIDEQVKKVW,HLA-DRB1*04:01
YQSGTNRNCKVIESL,HLA-DRB1*01:01
RTGWQAPTAGWNSMA,HLA-DRB1*04:01
WPWHPANEFIWRHFR,HLA-DRB1*04:01
QWMCNCRHYRDKVMA,HLA-DRB1*01:01
IMDSHSWFSWMVAQH,HLA-DRB1*04:01
FPNDWTCNKWFWLAV,HLA-DRB1*01:01
ADRYGGNSYCHNIMA,HLA-DRB1*01:01
QVWEIHSYFRTLCDV,HLA-DRB1*04:01
RDLGQFSHDDSLRKG,HLA-DRB1*01:01
YNCLFWAHMPEDTKP,HLA-DRB1*04:01
WWLWIGCQYRNCTQY,HLA-DRB1*04:01
KVIDWSYPTDEGMDK,HLA-DRB1*04:04
THNWCGWPMISTVFK,HLA-DRB1*04:04
RCGNDMMIGGCYPFI,HLA-DRB1*04:04
NTIWVCVVCNECYRM,HLA-DRB1*04:04
CKMREVMNETKWIDT,HLA-DRB1*01:01
WYMVAWWWQMKWKQV,HLA-DRB1*04:01
THIVHMARLYELNCN,HLA-DRB1*04:01
AVHHLNLCMGKLFIP,HLA-DRB1*04:01
LQNCWEPDWATTYLS,HLA-DRB1*04:01
GCTLYWDAEHYQFRF,HLA-DRB1*04:04
CAQRMWCQPKNFYYA,HLA-DRB1*01:01
AWLWVKLVWITSEPI,HLA-DRB1*01:01
ADTWSRSDPTQSCIN,HLA-DRB1*04:04
NLLAKDWEQPTYHWF,HLA-DRB1*04:01
PERWADTCINRTFNP,HLA-DRB1*04:04
PALARMSQRNQYRDD,HLA-DRB1*04:01
FPKAEWKKQDWHQWA,HLA-DRB1*04:01
GCTLYWDAEHYQFRF,HLA-DRB1*01:01
FFEAPHEMDFLRSVA,HLA-DRB1*01:01
RMHTDRGWWAKQPQM,HLA-DRB1*04:01
CMAFHSKHTSEVTWQ,HLA-DRB1*04:04
TWINKWCHAFQFSWM,HLA-DRB1*04:01
CRFVPGTKENEGTHD,HLA-DRB1*01:01
SFPQNRKHCILIINV,HLA-DRB1*04:01
CPTCVMNDIYKLRES,HLA-DRB1*04:01
IYQLEGENEVCRSWQ,HLA-DRB1*04:01
MHGHNDVSDWLLYIK,HLA-DRB1*04:04
EIVDDARLMMVSPRG,HLA-DRB1*04:04
WWQNLWCNYFIPKCI,HLA-DRB1*04:01
EGESEHICFMVSYMQ,HLA-DRB1*04:01
CYYCCTWKHTNTSGS,HLA-DRB1*04:01
KRIAPICKVQESQWI,HLA-DRB1*01:01
DYVAEVMVTWEPCAC,HLA-DRB1*04:01
HIRTKKLACHNNLTA,HLA-DRB1*04:04
WVPVSLYMKPEINEQ,HLA-DRB1*04:04
CMYWCYNHYYMSYKT,HLA-DRB1*04:04
QGCDWTAETCHKLAS,HLA-DRB1*04:01
EAYYEPHWRGDVMNN,HLA-DRB1*01:01
HPFDYAVCGQGWEGY,HLA-DRB1*04:01
SEMQGSRQYYRFVPM,HLA-DRB1*04:04
YISVGREDLNWGTQQ,HLA-DRB1*01:01
QINWWQMCFTCGDPK,HLA-DRB1*04:04
TIRVVYPRMYSGTNF,HLA-DRB1*04:01
IWTPVDQQTETGFRK,HLA-DRB1*04:04
QKSECYENGIPQAGM,HLA-DRB1*04:04
RQDQEMNVERIQMNE,HLA-DRB1*04:04
LTSNRAYSERWWISA,HLA-DRB1*01:01
YLQTNNCESWLNSAG,HLA-DRB1*01:01
PETWNLKKLWYYSPM,HLA-DRB1*04:01
LKRPLGSSAQQGDQT,HLA-DRB1*04:04
QYTENHGGSSNGYAN,HLA-DRB1*04:01
QLEPADYISWFLMGS,HLA-DRB1*04:01
QCMFEYCTQYWDINW,HLA-DRB1*04:04
CCISEWDADVNVAGI,HLA-DRB1*01:01
AIYHGDTYQIHSVLW,HLA-DRB1*04:04
CPIIHCKKLPYHQPQ,HLA-DRB1*01:01
QDSSEYCISSKGIQY,HLA-DRB1*04:04
YDVIKIRECLDPRKL,HLA-DRB1*01:01
SQFYDDTAVKETVDS,HLA-DRB1*01:01
HKCRSQVETYIYVSA,HLA-DRB1*04:04
HRECVRPTLFRTAMF,HLA-DRB1*04:01
YPRYPHNFKMKNFTM,HLA-DRB1*04:01
QIMYTALHLYDWVEG,HLA-DRB1*04:01
QLFEDWCFGPKSLVT,HLA-DRB1*04:01
WVVIRFRKENQDEKD,HLA-DRB1*04:04
SKLRAPGHTCVIMVY,HLA-DRB1*04:01
SYLPQTPEGSNYVKC,HLA-DRB1*04:04
ISTQATINSFADNNV,HLA-DRB1*01:01
GVQMNCLVPVCVNAF,HLA-DRB1*04:01
WTLCDNSLWIHQWQC,HLA-DRB1*04:04
TNRGISPRHYTGIKC,HLA-DRB1*01:01
NCNCGKSMLIHPEAH,HLA-DRB1*04:04
WWQNLWCNYFIPKCI,HLA-DRB1*04:04
IWTPVDQQTETGFRK,HLA-DRB1*04:01
REGRAHARIIDYVIT,HLA-DRB1*04:01
RIANHKVYLFDPADA,HLA-DRB1*04:01
DMRKSAGMDMCKDDY,HLA-DRB1*01:01
YAVPYMKRYHLFQVD,HLA-DRB1*04:01
SESITAVDRDVTSTD,HLA-DRB1*04:04
DSPINMRYDICMGGT,HLA-DRB1*04:01
YWCRNPCPMHIRLVK,HLA-DRB1*04:04
DFAFQGQWPGGEKHQ,HLA-DRB1*04:01
HDIAKDGNHSGGMVF,HLA-DRB1*01:01
WPAKANDRVAFPVQL,HLA-DRB1*04:04
FHKQLFTHPPHDPYY,HLA-DRB1*04:04
VMPPELTCLNFAMPC,HLA-DRB1*04:01
HNNVMMMCKWQCWPP,HLA-DRB1*01:01
LYWSQIMFCKEMETD,HLA-DRB1*04:04
PVSDCSALQKAHPER,HLA-DRB1*01:01
DLACQWQKCMYAISP,HLA-DRB1*04:04
FHFRHPHPFVRHRVD,HLA-DRB1*04:04
SMEPDVGKNIVICRS,HLA-DRB1*01:01
IRMTWEWPHNYNCGD,HLA-DRB1*04:01
VSDQIHLYMELNHCY,HLA-DRB1*04:01
ADSKNRNWPIWMWHL,HLA-DRB1*04:01
EGHIINTSRFPPQEY,HLA-DRB1*04:01
EYYRKLNDSTWRFHQ,HLA-DRB1*04:04
GKVGRLASQCWCWQD,HLA-DRB1*04:01
WRIQEQEIYCLVEYI,HLA-DRB1*04:04
TLDQNAYFVCWRDIF,HLA-DRB1*01:01
LIEPKRMVRACQNQI,HLA-DRB1*04:01
WNYSNSRVSFNGEME,HLA-DRB1*04:04
PILFEQQGYNYVIFP,HLA-DRB1*04:04
FTPECMTVYHEASYP,HLA-DRB1*04:01
GMVCQTDKSNANQRI,HLA-DRB1*04:04
FRKFDKYKSCVFKYL,HLA-DRB1*04:04
QARRKCQIGAKDMTA,HLA-DRB1*04:04
QPCYRNCDDYCNIWQ,HLA-DRB1*04:01
VDCEPQLMGYEIPMY,HLA-DRB1*04:04
WEWKIGPWPYIWIFF,HLA-DRB1*04:04
RCKQCRAGDVSKVGM,HLA-DRB1*04:01
HEPPPTCTVMRMQSP,HLA-DRB1*04:04
KVIDWSYPTDEGMDK,HLA-DRB1*04:01
CKMREVMNETKWIDT,HLA-DRB1*04:01
TPYNPRVACYNHGDT,HLA-DRB1*01:01
YQSGTNRNCKVIESL,HLA-DRB1*04:04
EGMKDFCIHKGGTFP,HLA-DRB1*04:04
GEMKTKCQNCMSIEM,HLA-DRB1*01:01
LDIGATCHRRQRKTQ,HLA-DRB1*04:04
TMHALYSGWLDGFEE,HLA-DRB1*04:01
GRYPKALAMEYWPWE,HLA-DRB1*04:04
IDPMLETMFKNFDND,HLA-DRB1*04:04
EYNKYCWWMFEMCTC,HLA-DRB1*01:01
GGQVSECYTNVLEIM,HLA-DRB1*04:04
PESQSWMVDTIQGPR,HLA-DRB1*01:01
QHHASTGNTHMAMKR,HLA-DRB1*01:01
KVSDFWNTQWWMMLI,HLA-DRB1*04:04
DTPGDHRQVTMLTEF,HLA-DRB1*01:01
DFHSCNGWYCEEWGA,HLA-DRB1*01:01
GTRQITGIWIERDMF,HLA-DRB1*04:01
RQRIMNTYKPLHEKC,HLA-DRB1*04:01
EELPCYSTPYNVSIR,HLA-DRB1*04:04
LYREPDPVDVAQMDD,HLA-DRB1*01:01
DKEDEHITYPRNVVQ,HLA-DRB1*01:01
WGKMLKSPCDEQNDH,HLA-DRB1*04:04
YSDVQMLWRFVEDTT,HLA-DRB1*04:04
EAWQYTWNYYLPEHN,HLA-DRB1*04:04
QWMCNCRHYRDKVMA,HLA-DRB1*04:01
RRDRREKLKQFLINA,HLA-DRB1*04:04
ICKRWSAAKWSECKI,HLA-DRB1*04:04
SYHSPYCVRGGLEEK,HLA-DRB1*01:01
ASKTDHAKRHLRGRL,HLA-DRB1*04:04
VWVNDHWLKLMLRQC,HLA-DRB1*04:01
WTCNGKSITPIQYEY,HLA-DRB1*01:01
KEQGQSWPLIAWGNK,HLA-DRB1*04:04
KIATSWNEQCLPYPC,HLA-DRB1*04:04
QHHASTGNTHMAMKR,HLA-DRB1*04:01
RWLHVTVEDRDREKR,HLA-DRB1*04:04
WTYYYRCKHCTGLVD,HLA-DRB1*04:01
AKPDIGTASFPGMPE,HLA-DRB1*01:01
EMINVPCDMHNQWIN,HLA-DRB1*04:04
VSFTFWDDTWWSIEF,HLA-DRB1*01:01
GGQVSECYTNVLEIM,HLA-DRB1*04:01
CYYCCTWKHTNTSGS,HLA-DRB1*01:01
TMCQEMDWFIGSEGQ,HLA-DRB1*04:04
MPVLPCQFIHDDRGG,HLA-DRB1*01:01
DYREKSHMHSFRGDN,HLA-DRB1*04:01
CATKGREAGHMWHQL,HLA-DRB1*01:01
LDIGATCHRRQRKTQ,HLA-DRB1*01:01
AKYPFNVPQGFKCRG,HLA-DRB1*04:01
DSPINMRYDICMGGT,HLA-DRB1*01:01
CCCLYCCFYHRTWGL,HLA-DRB1*01:01
PSNCIMRRGRKAIVS,HLA-DRB1*04:01
PGNQIENLQRDWKVV,HLA-DRB1*04:04
SPACSEQIPRWSNMF,HLA-DRB1*04:01
MHGHNDVSDWLLYIK,HLA-DRB1*04:01
EDKNCNRLGDLWNHA,HLA-DRB1*04:04
PKWDEIIEKCICLQG,HLA-DRB1*04:04
STHSCAPPMNGNSFE,HLA-DRB1*01:01
NTDCIWCCNHSVCIG,HLA-DRB1*04:01
GSMDEIPRYESMCGM,HLA-DRB1*04:04
FHPNYEPSSYTGWEQ,HLA-DRB1*01:01
GAWIVCRCDETKMIY,HLA-DRB1*04:04
MSEVQRGRHEVTCGT,HLA-DRB1*01:01
DYDNGHMYFLLGHEP,HLA-DRB1*04:04
WKGNVTKTLFRPLAG,HLA-DRB1*04:01
CMVKTKEKRVITKIK,HLA-DRB1*04:04
TLVWIGKVHGFDHIM,HLA-DRB1*04:01
EMINVPCDMHNQWIN,HLA-DRB1*01:01
VKYIQPTYYDIDFCR,HLA-DRB1*04:04
SCINHLYRYFDHKVV,HLA-DRB1*04:01
ICKRWSAAKWSECKI,HLA-DRB1*04:01
GRMKHHGVMAKNNHT,HLA-DRB1*04:01
EWLEEFAYHGQVTTG,HLA-DRB1*04:04
PRRNQQCMENVRRIG,HLA-DRB1*04:01
AKYPFNVPQGFKCRG,HLA-DRB1*04:04
HPFDYAVCGQGWEGY,HLA-DRB1*04:04
MMCFAPCKCVDPWDK,HLA-DRB1*01:01
CAQRMWCQPKNFYYA,HLA-DRB1*04:04
RAHSMMIGRYKRICL,HLA-DRB1*04:01
SPACSEQIPRWSNMF,HLA-DRB1*04:04
QCMFEYCTQYWDINW,HLA-DRB1*04:01
CYYCCTWKHTNTSGS,HLA-DRB1*04:04
DYAFEGVELWDQPER,HLA-DRB1*04:01
PSEARVQPHDHVRIG,HLA-DRB1*04:04
KNHCPFVMTGHKWDR,HLA-DRB1*04:04
AVLSHDEMVQCWDYI,HLA-DRB1*01:01
RDNNQVWSAVCHWES,HLA-DRB1*04:01
CLWSKYCTLGGHPDE,HLA-DRB1*04:04
IRMTWEWPHNYNCGD,HLA-DRB1*01:01
YAMDKECKTFCCEPY,HLA-DRB1*04:01
NHNVAFQYETKGVEH,HLA-DRB1*04:04
THNWCGWPMISTVFK,HLA-DRB1*04:01
CEVCIPVTCFYPSVP,HLA-DRB1*01:01
KDNCKFPEAEANNSF,HLA-DRB1*04:01
YDLRAQEIRDLVNMH,HLA-DRB1*04:01
MHDGCFSYRVCEATG,HLA-DRB1*04:04
HIRTKKLACHNNLTA,HLA-DRB1*04:01
NWCECTFFIMPKVDC,HLA-DRB1*04:01
WTCNGKSITPIQYEY,HLA-DRB1*04:01
HAIQAIGLLVCIPKG,HLA-DRB1*04:01
YTTQLDRFMDEFHVT,HLA-DRB1*04:04
DFHSCNGWYCEEWGA,HLA-DRB1*04:01
FGYGYDPKVFSSMKC,HLA-DRB1*04:04
GCHMRQNEWFVYEAP,HLA-DRB1*04:04
FYRQSHPRGNYFLGG,HLA-DRB1*04:04
DEWNKTRHAVTVDFG,HLA-DRB1*04:01
DFNCNIRMCGWMDMH,HLA-DRB1*04:01
EQAHWQAGTEQLGSM,HLA-DRB1*04:04
YENVASNRPKCSYID,HLA-DRB1*04:04
LISCDCEVFMGTEWM,HLA-DRB1*01:01
KYLMDPERWRKGNSK,HLA-DRB1*01:01
IDPMLETMFKNFDND,HLA-DRB1*01:01
KQGKQYQNGMNQMDC,HLA-DRB1*01:01
EVWFLKKCRIKRYRA,HLA-DRB1*04:01
KQSNCYNGMIDCREV,HLA-DRB1*01:01
PNGQCTEIWCINFGS,HLA-DRB1*04:04
SMPPKNASSQLKHPW,HLA-DRB1*01:01
QARRKCQIGAKDMTA,HLA-DRB1*04:01
LLCPFVIPDEGYNDN,HLA-DRB1*01:01
VKYIQPTYYDIDFCR,HLA-DRB1*01:01
HRDCYGLKDTHYQHH,HLA-DRB1*01:01
EDQYLTMPKEKPQPM,HLA-DRB1*04:04
SEMQGSRQYYRFVPM,HLA-DRB1*04:01
VRTSMNGDELPSAGH,HLA-DRB1*04:01
LYWSQIMFCKEMETD,HLA-DRB1*04:01
ILYGCTRCCDMAQGM,HLA-DRB1*04:04
PHPPIFGNKMALKIE,HLA-DRB1*04:01
GQYISGHWKGQAESI,HLA-DRB1*04:01
CSMEWMWLKEQVKDA,HLA-DRB1*04:01
RLLWDRNKYPCKQDW,HLA-DRB1*04:01
GRRGARPFQYWHEVV,HLA-DRB1*01:01
KEQPYQTRPFWGAQK,HLA-DRB1*01:01
YSDVQMLWRFVEDTT,HLA-DRB1*04:01
ACWKCAPYEVPFVKP,HLA-DRB1*04:01
LTSNRAYSERWWISA,HLA-DRB1*04:01
TCMRLREKCSRVGCG,HLA-DRB1*04:04
CQVYYPCTHHLPWGR,HLA-DRB1*04:04
RIANHKVYLFDPADA,HLA-DRB1*01:01
RSQNFPYGNWGGRSI,HLA-DRB1*04:04
FFDDVCQPEGSFFNA,HLA-DRB1*01:01
TMCQEMDWFIGSEGQ,HLA-DRB1*01:01
YSIHCHPKPWNEATN,HLA-DRB1*01:01
LNIPENYNNATWVII,HLA-DRB1*04:04
WHSEMRTKIYTQEVG,HLA-DRB1*04:04
PCWLSKATFYDWCFP,HLA-DRB1*04:01
YGEMDTKASGWNFKL,HLA-DRB1*04:01
VTPAKGLKYWYLRPW,HLA-DRB1*04:04
GCHMRQNEWFVYEAP,HLA-DRB1*04:01
CCISEWDADVNVAGI,HLA-DRB1*04:04
PCSKEWRESNRTHAA,HLA-DRB1*04:04
IIHPWLNWYDSEQYI,HLA-DRB1*01:01
DTPGDHRQVTMLTEF,HLA-DRB1*04:01
LKRPLGSSAQQGDQT,HLA-DRB1*04:01
EASCNMFGEGHEWRA,HLA-DRB1*01:01
RPKYHGWDERATQFQ,HLA-DRB1*01:01
QLFEDWCFGPKSLVT,HLA-DRB1*04:04
WTMDYCGQPVDIFPQ,HLA-DRB1*04:01
GVHWIKLWWCKLHME,HLA-DRB1*04:01
CCCLYCCFYHRTWGL,HLA-DRB1*04:04
YVEGLYDTRCEIYMC,HLA-DRB1*01:01
EPPMVCNMELMPCFK,HLA-DRB1*04:01
SNCTTCRFKSMSDTG,HLA-DRB1*04:04
CAQRMWCQPKNFYYA,HLA-DRB1*04:01
NQWKCDYEVMNPKYW,HLA-DRB1*01:01
EFHLGFFCCPHQQND,HLA-DRB1*04:01
LVNQLKYHDDFQIDL,HLA-DRB1*04:01
VWHSERIDEHTNMVL,HLA-DRB1*01:01
AVLSHDEMVQCWDYI,HLA-DRB1*04:04
VDYDFNLWHHWHNPE,HLA-DRB1*04:04
RRPWPKSMMDTMGQM,HLA-DRB1*01:01
DNLRMWNITNKQNNE,HLA-DRB1*01:01
LTQLRNYWEATGWCS,HLA-DRB1*04:01
SLPERWVHPAVDWNE,HLA-DRB1*04:04
VHEPCQCLKKPTVSH,HLA-DRB1*04:04
KQGKQYQNGMNQMDC,HLA-DRB1*04:04
YFHWHLECYKDNPWY,HLA-DRB1*04:04
YFHWHLECYKDNPWY,HLA-DRB1*04:01
MVWEVMECGIWLLTV,HLA-DRB1*04:04
SGCSCLQTGDETFQW,HLA-DRB1*01:01
NLHTGVLQSWEIYGH,HLA-DRB1*04:01
ILYGCTRCCDMAQGM,HLA-DRB1*04:01
LTSNRAYSERWWISA,HLA-DRB1*04:04
DEWNKTRHAVTVDFG,HLA-DRB1*04:04
DYAFEGVELWDQPER,HLA-DRB1*04:04
QERTNKPISYVEKKL,HLA-DRB1*01:01
YLQTNNCESWLNSAG,HLA-DRB1*04:04
TDMHPHCNIPQRMHC,HLA-DRB1*04:01
WVNTCSQKVHQTTMT,HLA-DRB1*04:04
HEPALDGMQMYLNLQ,HLA-DRB1*04:01
HPRIFDTPYRMETKA,HLA-DRB1*01:01
MMEERTKRNQNGIIN,HLA-DRB1*04:04
IKSCVPYDPGVGMGD,HLA-DRB1*04:04
RTCRRSITWEEYAQV,HLA-DRB1*01:01
NVNLNLCGICEAGTS,HLA-DRB1*04:01
NYSNPKRCFLDLLLF,HLA-DRB1*04:01
FFDDVCQPEGSFFNA,HLA-DRB1*04:01
NTIWVCVVCNECYRM,HLA-DRB1*04:01
METCGWQASHMETWN,HLA-DRB1*04:01
GIQDTFCAPMDEAWY,HLA-DRB1*01:01
MVKKRSFGNFCHPHM,HLA-DRB1*01:01
MVWEVMECGIWLLTV,HLA-DRB1*04:01
TTLCMTLCWRMILDL,HLA-DRB1*04:01
MHDGCFSYRVCEATG,HLA-DRB1*04:01
CAILFCKYQRVCDED,HLA-DRB1*04:01
GPAVASAQQACLGNI,HLA-DRB1*04:01
VVNDGIVRLSLGNGA,HLA-DRB1*04:01
YVEGLYDTRCEIYMC,HLA-DRB1*04:01
PASQRRDSDYGMHTW,HLA-DRB1*04:01
QICWSWGTKAHWFGS,HLA-DRB1*04:04
IMSSVNEYPGNMDRK,HLA-DRB1*01:01
MKFSHIHRYTWGQGF,HLA-DRB1*04:01
KRIAPICKVQESQWI,HLA-DRB1*04:01
IWVGRGTFHCFLCHV,HLA-DRB1*04:04
NKDCFDGELTMECEW,HLA-DRB1*04:01
NQWKCDYEVMNPKYW,HLA-DRB1*04:04
RWCLMPCVLCLCHVP,HLA-DRB1*04:01
MQNYDYYWTKICWFE,HLA-DRB1*04:01
QHHASTGNTHMAMKR,HLA-DRB1*04:04
PTRKFPLPWGFFEPC,HLA-DRB1*01:01
YVEGLYDTRCEIYMC,HLA-DRB1*04:04
CHEYGQLHENCVLDT,HLA-DRB1*04:01
SSFLDYGTGGQDDNQ,HLA-DRB1*04:04
AHHHYHRELKCQTYT,HLA-DRB1*04:04
WCQKADWVWQNITRC,HLA-DRB1*04:04
EKLSMDEGKDLDMRL,HLA-DRB1*01:01
LVNQLKYHDDFQIDL,HLA-DRB1*04:04
QNSRCMFCCCQFRPN,HLA-DRB1*01:01
LMECPDVYSNKLTFS,HLA-DRB1*04:04
LACCEVYPQQNREHI,HLA-DRB1*01:01
LACCEVYPQQNREHI,HLA-DRB1*04:04
YFHWHLECYKDNPWY,HLA-DRB1*01:01
VDYDFNLWHHWHNPE,HLA-DRB1*01:01
SFYGYPDGHEIHMKS,HLA-DRB1*04:01
NSQIQSEFEVDGSGK,HLA-DRB1*04:04
WPAKANDRVAFPVQL,HLA-DRB1*04:01
SESITAVDRDVTSTD,HLA-DRB1*04:01
IELGQCQGQKEIMTD,HLA-DRB1*04:04
KQSNCYNGMIDCREV,HLA-DRB1*04:01
EAGHEVCGVHTNDKL,HLA-DRB1*04:04
EFHLGFFCCPHQQND,HLA-DRB1*01:01
LTHPRTLPGSKIMRE,HLA-DRB1*04:04
SNCTTCRFKSMSDTG,HLA-DRB1*01:01
NHRMQLEGFMAENDP,HLA-DRB1*04:01
RQDQEMNVERIQMNE,HLA-DRB1*04:01
NLLAKDWEQPTYHWF,HLA-DRB1*01:01
NDWCDKYDWHFVPYK,HLA-DRB1*01:01
TSKEQARSRIEIYQN,HLA-DRB1*01:01
QTKKTDREQAIISGR,HLA-DRB1*01:01
EMGDYYNCRINETMS,HLA-DRB1*04:04
FAAVKCDCHRSHYPP,HLA-DRB1*04:01
LDIGATCHRRQRKTQ,HLA-DRB1*04:01
RFTSKTGKPWRDKKP,HLA-DRB1*01:01
YSSDHMPKDCPFMHW,HLA-DRB1*01:01
CEVCIPVTCFYPSVP,HLA-DRB1*04:04
PRWQTPKRSSNSEMI,HLA-DRB1*01:01
RSQNFPYGNWGGRSI,HLA-DRB1*04:01
GIQDTFCAPMDEAWY,HLA-DRB1*04:04
PEPGEMLCKCWHVVF,HLA-DRB1*04:01
YTTQLDRFMDEFHVT,HLA-DRB1*04:01
WTPLWPDMAFSHHEY,HLA-DRB1*04:04
ANINWEECHFSKEDG,HLA-DRB1*04:01
QINWWQMCFTCGDPK,HLA-DRB1*01:01
GSINPEWACWRPYVQ,HLA-DRB1*01:01
GIKRNYCGEAGYIHV,HLA-DRB1*04:04
PKVRRTKFIDDKYII,HLA-DRB1*04:04
LCGTISDECAPKRQA,HLA-DRB1*04:01
WCQKADWVWQNITRC,HLA-DRB1*04:01
KYLMDPERWRKGNSK,HLA-DRB1*04:04
FAAVKCDCHRSHYPP,HLA-DRB1*04:04
EGHIINTSRFPPQEY,HLA-DRB1*01:01
QCMFEYCTQYWDINW,HLA-DRB1*01:01
VDYDFNLWHHWHNPE,HLA-DRB1*04:01
SMPPKNASSQLKHPW,HLA-DRB1*04:01
QNSRCMFCCCQFRPN,HLA-DRB1*04:04
NLLAKDWEQPTYHWF,HLA-DRB1*04:04
ASYPRYDIYMTECER,HLA-DRB1*01:01
DYADNGIDKGIQYSI,HLA-DRB1*01:01
FHKQLFTHPPHDPYY,HLA-DRB1*04:01
RQDQEMNVERIQMNE,HLA-DRB1*01:01
EDKNCNRLGDLWNHA,HLA-DRB1*01:01
HPRIFDTPYRMETKA,HLA-DRB1*04:04
LTPQYPVVNEQNFEH,HLA-DRB1*04:01
MTYDCYDNTTDVVNR,HLA-DRB1*01:01
MRSNDWFPQNFNKKC,HLA-DRB1*01:01
EIVDDARLMMVSPRG,HLA-DRB1*04:01
IQSFSADNKFQYPGE,HLA-DRB1*01:01
SSFLDYGTGGQDDNQ,HLA-DRB1*01:01
CNIGGSVRNVLMWIP,HLA-DRB1*04:01
YSIHCHPKPWNEATN,HLA-DRB1*04:04
ANINWEECHFSKEDG,HLA-DRB1*04:04
QSRYCQHMQCDPGMG,HLA-DRB1*04:01
CGHCCFAEFGLGTCK,HLA-DRB1*04:01
KYEDRQTHWAERSVD,HLA-DRB1*01:01
NTDCIWCCNHSVCIG,HLA-DRB1*04:04
IESVDHHIMGCGTCM,HLA-DRB1*04:01
MRSNDWFPQNFNKKC,HLA-DRB1*04:01
YDVIKIRECLDPRKL,HLA-DRB1*04:01
LLCPFVIPDEGYNDN,HLA-DRB1*04:01
MMPASNCCITLEFPA,HLA-DRB1*04:04
DYADNGIDKGIQYSI,HLA-DRB1*04:01
RTMSPEAQKQCSMQM,HLA-DRB1*01:01
PCWLSKATFYDWCFP,HLA-DRB1*04:04
FFEAPHEMDFLRSVA,HLA-DRB1*04:04
WSSENLGDWQKGVSA,HLA-DRB1*01:01
YAMDKECKTFCCEPY,HLA-DRB1*01:01
VETRCWGSKLNPNSQ,HLA-DRB1*04:04
IKSCVPYDPGVGMGD,HLA-DRB1*04:01
KNHCPFVMTGHKWDR,HLA-DRB1*04:01
MPVLPCQFIHDDRGG,HLA-DRB1*04:04
NDWCDKYDWHFVPYK,HLA-DRB1*04:01
WMDTKCHHTKRRVYP,HLA-DRB1*01:01
LISCDCEVFMGTEWM,HLA-DRB1*04:04
GSINPEWACWRPYVQ,HLA-DRB1*04:01
LMECPDVYSNKLTFS,HLA-DRB1*04:01
WTNKWCNNGDDPFVF,HLA-DRB1*04:01
ILYGCTRCCDMAQGM,HLA-DRB1*01:01
RDNNQVWSAVCHWES,HLA-DRB1*01:01
YISVGREDLNWGTQQ,HLA-DRB1*04:01
MDYDPWDCNQFFCIG,HLA-DRB1*01:01
NDMEKKIVPLYCGMK,HLA-DRB1*04:01
EASCNMFGEGHEWRA,HLA-DRB1*04:04
NSWDPKIRMPKERWV,HLA-DRB1*01:01
METCGWQASHMETWN,HLA-DRB1*04:04
GEMKTKCQNCMSIEM,HLA-DRB1*04:01
CPQSFADCQQDNSFM,HLA-DRB1*04:01
EDKNCNRLGDLWNHA,HLA-DRB1*04:01
DHTIKESPDWMFEWC,HLA-DRB1*01:01
WTMDYCGQPVDIFPQ,HLA-DRB1*04:04
QQTAWWEADHDACYE,HLA-DRB1*04:01
VWHSERIDEHTNMVL,HLA-DRB1*04:01
PQQTLSDTRVQNCHW,HLA-DRB1*04:04
WTNKWCNNGDDPFVF,HLA-DRB1*01:01
HPRIFDTPYRMETKA,HLA-DRB1*04:01
CNKCAHPGPTYWHQY,HLA-DRB1*01:01
GQYISGHWKGQAESI,HLA-DRB1*04:04
KRNQGKSEGPHFLEW,HLA-DRB1*01:01
GRYPKALAMEYWPWE,HLA-DRB1*04:01
DVAQNKGQIFPAKKE,HLA-DRB1*04:01
SLADKCRWCVHFYCE,HLA-DRB1*01:01
MMCFAPCKCVDPWDK,HLA-DRB1*04:04
FAAVKCDCHRSHYPP,HLA-DRB1*01:01
EMHCRMWGFDNWADA,HLA-DRB1*04:01
IEFWEDFFWCNKFLQ,HLA-DRB1*04:01
PSEARVQPHDHVRIG,HLA-DRB1*04:01
VWHSERIDEHTNMVL,HLA-DRB1*04:04
HKWGWDLCSEQCEAD,HLA-DRB1*01:01
MTYDCYDNTTDVVNR,HLA-DRB1*04:04
PVSDCSALQKAHPER,HLA-DRB1*04:04
HWANHKSYYWRHNKD,HLA-DRB1*04:01
KPQEGAGFRIGVEHF,HLA-DRB1*01:01
SRPAYRQGQMVHDQH,HLA-DRB1*04:04
MNSMAEDQVCPFVQD,HLA-DRB1*01:01
DVTDAWSYAEWPNDY,HLA-DRB1*04:01
SACENRAPCGKLCWS,HLA-DRB1*01:01
VKNAGGMDTDYYPGT,HLA-DRB1*01:01
VETRCWGSKLNPNSQ,HLA-DRB1*01:01
DVAQNKGQIFPAKKE,HLA-DRB1*04:04
WAGAECMGCVIKWFS,HLA-DRB1*04:04
GCGIPACFPKKHPLY,HLA-DRB1*01:01
HRDCYGLKDTHYQHH,HLA-DRB1*04:04
LACCEVYPQQNREHI,HLA-DRB1*04:01
MNSMAEDQVCPFVQD,HLA-DRB1*04:01
PRWQTPKRSSNSEMI,HLA-DRB1*04:04
DYADNGIDKGIQYSI,HLA-DRB1*04:04
WRIQEQEIYCLVEYI,HLA-DRB1*04:01
MMPASNCCITLEFPA,HLA-DRB1*04:01
CCCLYCCFYHRTWGL,HLA-DRB1*04:01
PKVRRTKFIDDKYII,HLA-DRB1*01:01
QGCDWTAETCHKLAS,HLA-DRB1*04:04
IWTPVDQQTETGFRK,HLA-DRB1*01:01
MMEERTKRNQNGIIN,HLA-DRB1*01:01
QWDKTIDYGKHISHG,HLA-DRB1*01:01
KIATSWNEQCLPYPC,HLA-DRB1*04:01
VKYIQPTYYDIDFCR,HLA-DRB1*04:01
NIHSVPKVKKPREYC,HLA-DRB1*04:04
GRRGARPFQYWHEVV,HLA-DRB1*04:04
RTGWQAPTAGWNSMA,HLA-DRB1*04:04
KQSNCYNGMIDCREV,HLA-DRB1*04:04
GEMKTKCQNCMSIEM,HLA-DRB1*04:04
AAICVWYIMQFFWTI,HLA-DRB1*04:04
EYNKYCWWMFEMCTC,HLA-DRB1*04:04
LISCDCEVFMGTEWM,HLA-DRB1*04:01
SDENEAYNLKWLGLD,HLA-DRB1*04:04
GSMDEIPRYESMCGM,HLA-DRB1*01:01
VRTSMNGDELPSAGH,HLA-DRB1*01:01
PTRKFPLPWGFFEPC,HLA-DRB1*04:04
GTTDQYCQWQMVIDV,HLA-DRB1*04:01
DCWCEQASHDKYWLM,HLA-DRB1*01:01
HKAEMQHDCMDSYKT,HLA-DRB1*04:01
YGEMDTKASGWNFKL,HLA-DRB1*04:04
TMCQEMDWFIGSEGQ,HLA-DRB1*04:01
PGEEQEWHHNVVMNA,HLA-DRB1*01:01
SPADQTSYPVYYVYY,HLA-DRB1*04:04
QATCKEPTGLFARQN,HLA-DRB1*04:01
MHRTAWHHPGYNQLD,HLA-DRB1*01:01
PDLQSMDHYGHDRTY,HLA-DRB1*04:04
MQNYDYYWTKICWFE,HLA-DRB1*01:01
CVDSHCKVDNCNFAF,HLA-DRB1*01:01
SCRKGRWHDSRWGWH,HLA-DRB1*04:01
LHGPGAGSSAWQQQF,HLA-DRB1*01:01
EMHCRMWGFDNWADA,HLA-DRB1*01:01
QICWSWGTKAHWFGS,HLA-DRB1*04:01
FPNDWTCNKWFWLAV,HLA-DRB1*04:01
ADRYGGNSYCHNIMA,HLA-DRB1*04:01
TTVACKDFPTKTPVC,HLA-DRB1*01:01
DTTQCKGEWTGYLWH,HLA-DRB1*04:01
HREWFPTRCFGINEP,HLA-DRB1*04:04
CMVKTKEKRVITKIK,HLA-DRB1*04:01
LHMKQNKRQIGVTPE,HLA-DRB1*04:01
KATPTWDWRFKKKKI,HLA-DRB1*04:04
TWSHNKTEDYDTITK,HLA-DRB1*04:01
HGLQEQRRFLEFMNY,HLA-DRB1*04:01
IEFWEDFFWCNKFLQ,HLA-DRB1*01:01
PKWDEIIEKCICLQG,HLA-DRB1*04:01
LTPQYPVVNEQNFEH,HLA-DRB1*04:04
KEQGQSWPLIAWGNK,HLA-DRB1*04:01
FMHPTDQSENYQQHS,HLA-DRB1*04:01
EDDNSMDMEVHQTNW,HLA-DRB1*04:01
TLDQNAYFVCWRDIF,HLA-DRB1*04:04
AVDAVRGRPPLFYYK,HLA-DRB1*04:01
RMHTDRGWWAKQPQM,HLA-DRB1*04:04
WHAIYEPTYDDLHRW,HLA-DRB1*04:01
SMPPKNASSQLKHPW,HLA-DRB1*04:04
WVPVSLYMKPEINEQ,HLA-DRB1*04:01
SWTQCSAPARGVDWF,HLA-DRB1*04:04
LVNQLKYHDDFQIDL,HLA-DRB1*01:01
WHSEMRTKIYTQEVG,HLA-DRB1*04:01
IEFWEDFFWCNKFLQ,HLA-DRB1*04:04
EATAYCREDYCSVFK,HLA-DRB1*04:04
IWVGRGTFHCFLCHV,HLA-DRB1*04:01
GMVCQTDKSNANQRI,HLA-DRB1*01:01
DFAFQGQWPGGEKHQ,HLA-DRB1*04:04
YSSDHMPKDCPFMHW,HLA-DRB1*04:01
TAQMENQAQSKVADG,HLA-DRB1*04:04
EYNKYCWWMFEMCTC,HLA-DRB1*04:01
EGMKDFCIHKGGTFP,HLA-DRB1*04:01
YISVGREDLNWGTQQ,HLA-DRB1*04:04
RCGNDMMIGGCYPFI,HLA-DRB1*04:01
RDNNQVWSAVCHWES,HLA-DRB1*04:04
IDPMLETMFKNFDND,HLA-DRB1*04:01
RMHTDRGWWAKQPQM,HLA-DRB1*01:01
DPHVNAWVVKDPRRE,HLA-DRB1*04:04
TTVACKDFPTKTPVC,HLA-DRB1*04:04
IYQLEGENEVCRSWQ,HLA-DRB1*04:04
SPADQTSYPVYYVYY,HLA-DRB1*04:01
MMEERTKRNQNGIIN,HLA-DRB1*04:01
WIGSIEWPWNCEHMN,HLA-DRB1*04:04
PDLQSMDHYGHDRTY,HLA-DRB1*01:01
GIQDTFCAPMDEAWY,HLA-DRB1*04:01
VWADHQSGPNQCQCV,HLA-DRB1*01:01
SNSGEWTSSVDANCS,HLA-DRB1*04:04
GSINPEWACWRPYVQ,HLA-DRB1*04:04
FVETPMHSHENRCEV,HLA-DRB1*04:04
WPWHPANEFIWRHFR,HLA-DRB1*04:04
VQKKCGDGNFVWQSL,HLA-DRB1*04:01
MMCFAPCKCVDPWDK,HLA-DRB1*04:01
QEAWPYYMDYASHFD,HLA-DRB1*04:04
CVDSHCKVDNCNFAF,HLA-DRB1*04:04
VDCEPQLMGYEIPMY,HLA-DRB1*04:01
RPDDGYLTWHFHEQT,HLA-DRB1*01:01
LQNCWEPDWATTYLS,HLA-DRB1*01:01
MRSNDWFPQNFNKKC,HLA-DRB1*04:04
CGHCCFAEFGLGTCK,HLA-DRB1*04:04
TAQMENQAQSKVADG,HLA-DRB1*04:01
EDDNSMDMEVHQTNW,HLA-DRB1*04:04
MTERAAEGGRWHGYV,HLA-DRB1*01:01
KIATSWNEQCLPYPC,HLA-DRB1*01:01
ASKTDHAKRHLRGRL,HLA-DRB1*04:01
MDYDPWDCNQFFCIG,HLA-DRB1*04:01
YSSDHMPKDCPFMHW,HLA-DRB1*04:04
HTKNEAHNCQCRALA,HLA-DRB1*01:01
WIGSIEWPWNCEHMN,HLA-DRB1*01:01
KATPTWDWRFKKKKI,HLA-DRB1*01:01
FFEAPHEMDFLRSVA,HLA-DRB1*04:01
PGNQIENLQRDWKVV,HLA-DRB1*04:01
WCQKADWVWQNITRC,HLA-DRB1*01:01
HVTHQFDNKDQDAGT,HLA-DRB1*04:04
WTCNGKSITPIQYEY,HLA-DRB1*04:04
PVCVPGTYYSDSMNY,HLA-DRB1*04:01
PERWADTCINRTFNP,HLA-DRB1*01:01
EYNFNFNWDCKLECT,HLA-DRB1*04:04
GNHTPWQNNYFPGTK,HLA-DRB1*04:01
CEGYCCNNTGDNAQK,HLA-DRB1*01:01
TDMHPHCNIPQRMHC,HLA-DRB1*01:01
EMINVPCDMHNQWIN,HLA-DRB1*04:01
PQQTLSDTRVQNCHW,HLA-DRB1*01:01
ACWKCAPYEVPFVKP,HLA-DRB1*04:04
RWLHVTVEDRDREKR,HLA-DRB1*04:01
ESAMSAIAKHCSPHG,HLA-DRB1*04:01
SLPERWVHPAVDWNE,HLA-DRB1*04:01
VMDERRAYDQPFFGP,HLA-DRB1*04:01
MSEVQRGRHEVTCGT,HLA-DRB1*04:04
SNCTTCRFKSMSDTG,HLA-DRB1*04:01
QNSRCMFCCCQFRPN,HLA-DRB1*04:01
VRTSMNGDELPSAGH,HLA-DRB1*04:04
LREDPTPAIQPATPP,HLA-DRB1*04:04
FPKAEWKKQDWHQWA,HLA-DRB1*04:04
GTGVTWPKSPNMCCS,HLA-DRB1*01:01
SQFYDDTAVKETVDS,HLA-DRB1*04:04
PRWQTPKRSSNSEMI,HLA-DRB1*04:01
RQIDCHNAHWCGATD,HLA-DRB1*01:01
ACQDTAWWPKQIQWN,HLA-DRB1*01:01
KKWWGIWKDEQSPDI,HLA-DRB1*01:01
LVDWPEQLHKTGFVK,HLA-DRB1*04:04
TQQAPNPCAHRKKGG,HLA-DRB1*04:01
HEPPPTCTVMRMQSP,HLA-DRB1*01:01
NSWDPKIRMPKERWV,HLA-DRB1*04:04
DKEDEHITYPRNVVQ,HLA-DRB1*04:04
TTVACKDFPTKTPVC,HLA-DRB1*04:01
MHRTAWHHPGYNQLD,HLA-DRB1*04:04
WHAIYEPTYDDLHRW,HLA-DRB1*01:01
HWANHKSYYWRHNKD,HLA-DRB1*01:01
NKDCFDGELTMECEW,HLA-DRB1*01:01
ISDCRESHQCDVVHG,HLA-DRB1*01:01
SMEPDVGKNIVICRS,HLA-DRB1*04:04
RCKQCRAGDVSKVGM,HLA-DRB1*04:04
PQQTLSDTRVQNCHW,HLA-DRB1*04:01
CVNRVGLNDDGMGPP,HLA-DRB1*04:04
TLDQNAYFVCWRDIF,HLA-DRB1*04:01
TARDTQSEINQNHGK,HLA-DRB1*04:01
NSQIQSEFEVDGSGK,HLA-DRB1*04:01
PMIPREYVYNYDHRE,HLA-DRB1*04:01
PMIPREYVYNYDHRE,HLA-DRB1*04:04
RNSKTVKQECCWYKI,HLA-DRB1*01:01
TSKEQARSRIEIYQN,HLA-DRB1*04:04
ICDLGCSMCLFWLYH,HLA-DRB1*04:04
DVTDAWSYAEWPNDY,HLA-DRB1*01:01
DPHVNAWVVKDPRRE,HLA-DRB1*01:01
WTYYYRCKHCTGLVD,HLA-DRB1*04:04
NCNCGKSMLIHPEAH,HLA-DRB1*04:01
SGCSCLQTGDETFQW,HLA-DRB1*04:04
WENMEQTLHDSDDPR,HLA-DRB1*01:01
RRDRREKLKQFLINA,HLA-DRB1*04:01
RPKYHGWDERATQFQ,HLA-DRB1*04:01
DYAFEGVELWDQPER,HLA-DRB1*01:01
HKAEMQHDCMDSYKT,HLA-DRB1*04:04
HKWGWDLCSEQCEAD,HLA-DRB1*04:01
VMDERRAYDQPFFGP,HLA-DRB1*04:04
KEQPYQTRPFWGAQK,HLA-DRB1*04:04
ARSTPTWHCPGKDAT,HLA-DRB1*04:04
APDENWLSFGPKCHA,HLA-DRB1*04:04
SYSCGDHGYNGRMNV,HLA-DRB1*01:01
HVPCCAPWTCEAQSF,HLA-DRB1*01:01
VQKKCGDGNFVWQSL,HLA-DRB1*04:04
AMTPTRDSVESHPRK,HLA-DRB1*04:04
TNRGISPRHYTGIKC,HLA-DRB1*04:04
PHNATVAMDQSCGQW,HLA-DRB1*01:01
ISDEENGNPEVQFML,HLA-DRB1*01:01
FYPNQQKEWYINNSC,HLA-DRB1*04:04
QERTNKPISYVEKKL,HLA-DRB1*04:04
TQQAPNPCAHRKKGG,HLA-DRB1*01:01
NIHSVPKVKKPREYC,HLA-DRB1*01:01
PDLQSMDHYGHDRTY,HLA-DRB1*04:01
KATPTWDWRFKKKKI,HLA-DRB1*04:01
DMRKSAGMDMCKDDY,HLA-DRB1*04:04
DSNYCNQPKNCENAK,HLA-DRB1*04:01
DKEDEHITYPRNVVQ,HLA-DRB1*04:01
DYDNGHMYFLLGHEP,HLA-DRB1*04:01
GSMDEIPRYESMCGM,HLA-DRB1*04:01
RPDDGYLTWHFHEQT,HLA-DRB1*04:01
RNSKTVKQECCWYKI,HLA-DRB1*04:04
RTGVNEKWWPMNGPR,HLA-DRB1*01:01
FPKAEWKKQDWHQWA,HLA-DRB1*01:01
DVTDAWSYAEWPNDY,HLA-DRB1*04:04
SESITAVDRDVTSTD,HLA-DRB1*01:01
LVDWPEQLHKTGFVK,HLA-DRB1*04:01
HWANHKSYYWRHNKD,HLA-DRB1*04:04
ADRYGGNSYCHNIMA,HLA-DRB1*04:04
VHENMCDRELNHAQM,HLA-DRB1*04:01
MRTHPCSGHKLYIFW,HLA-DRB1*04:04
CHEMQDGQWNNMRYC,HLA-DRB1*01:01
GTTDQYCQWQMVIDV,HLA-DRB1*04:04
LQNSGMPWYIGTNAP,HLA-DRB1*04:04
STHSCAPPMNGNSFE,HLA-DRB1*04:01
STHSCAPPMNGNSFE,HLA-DRB1*04:04
KYEDRQTHWAERSVD,HLA-DRB1*04:01
SLADKCRWCVHFYCE,HLA-DRB1*04:04
RSAVPEDVSNDPLIP,HLA-DRB1*04:01
WHAIYEPTYDDLHRW,HLA-DRB1*04:04
NWINSPENCCHSFYH,HLA-DRB1*01:01
GRRGARPFQYWHEVV,HLA-DRB1*04:01
LCGTISDECAPKRQA,HLA-DRB1*04:04
FFDDVCQPEGSFFNA,HLA-DRB1*04:04
VSCDTECAYVTDIQG,HLA-DRB1*04:01
FYPNQQKEWYINNSC,HLA-DRB1*04:01
HAHCQQYEGAINRWD,HLA-DRB1*04:04
PKVRRTKFIDDKYII,HLA-DRB1*04:01
NDWCDKYDWHFVPYK,HLA-DRB1*04:04
HKWGWDLCSEQCEAD,HLA-DRB1*04:04
FPNDWTCNKWFWLAV,HLA-DRB1*04:04
PNGQCTEIWCINFGS,HLA-DRB1*04:01
GNNRRSNPVSDMCGA,HLA-DRB1*01:01
RPDDGYLTWHFHEQT,HLA-DRB1*04:04
GPTTPQCPQWLMWLS,HLA-DRB1*04:04
MPVLPCQFIHDDRGG,HLA-DRB1*04:01
RLLWDRNKYPCKQDW,HLA-DRB1*01:01
WTWHKTKGPCGVNAT,HLA-DRB1*04:04
VTPAKGLKYWYLRPW,HLA-DRB1*04:01
IELGQCQGQKEIMTD,HLA-DRB1*04:01
EAYYEPHWRGDVMNN,HLA-DRB1*04:01
LQNSGMPWYIGTNAP,HLA-DRB1*04:01
CEVCIPVTCFYPSVP,HLA-DRB1*04:01
WIGSIEWPWNCEHMN,HLA-DRB1*04:01
TSKEQARSRIEIYQN,HLA-DRB1*04:01
AMTPTRDSVESHPRK,HLA-DRB1*04:01
NIETNPEPWYKGNLL,HLA-DRB1*01:01
NWINSPENCCHSFYH,HLA-DRB1*04:01
KEQPYQTRPFWGAQK,HLA-DRB1*04:01
RTGVNEKWWPMNGPR,HLA-DRB1*04:04
NWINSPENCCHSFYH,HLA-DRB1*04:04
SFYGYPDGHEIHMKS,HLA-DRB1*04:04
ADCQTNTRCPVPELK,HLA-DRB1*01:01
YSIHCHPKPWNEATN,HLA-DRB1*04:01
LWDNPQYKRVPALGI,HLA-DRB1*04:01
TDHANWPSLDDPNMT,HLA-DRB1*01:01
WMDTKCHHTKRRVYP,HLA-DRB1*04:04
FMHPTDQSENYQQHS,HLA-DRB1*04:04
DMRKSAGMDMCKDDY,HLA-DRB1*04:01
RNSKTVKQECCWYKI,HLA-DRB1*04:01
HAHCQQYEGAINRWD,HLA-DRB1*04:01
PVCVPGTYYSDSMNY,HLA-DRB1*01:01
MNSMAEDQVCPFVQD,HLA-DRB1*04:04
YMCEGGDARVFHFKE,HLA-DRB1*04:04
CATKGREAGHMWHQL,HLA-DRB1*04:04
SNSGEWTSSVDANCS,HLA-DRB1*01:01
LCGTISDECAPKRQA,HLA-DRB1*01:01
FPVDCECTGSTNHQI,HLA-DRB1*04:01
MQNYDYYWTKICWFE,HLA-DRB1*04:04
KPQEGAGFRIGVEHF,HLA-DRB1*04:04
WVVIRFRKENQDEKD,HLA-DRB1*04:01
GNNRRSNPVSDMCGA,HLA-DRB1*04:01
SQCGRQHECVHAWWT,HLA-DRB1*01:01
HEPPPTCTVMRMQSP,HLA-DRB1*04:01
LQLSDEQQFRCENFA,HLA-DRB1*04:04
QATCKEPTGLFARQN,HLA-DRB1*04:04
HKAEMQHDCMDSYKT,HLA-DRB1*01:01
DCWCEQASHDKYWLM,HLA-DRB1*04:01
RQIDCHNAHWCGATD,HLA-DRB1*04:01
GNHTPWQNNYFPGTK,HLA-DRB1*01:01
LYREPDPVDVAQMDD,HLA-DRB1*04:01
SDENEAYNLKWLGLD,HLA-DRB1*04:01
KDNCKFPEAEANNSF,HLA-DRB1*04:04
VWADHQSGPNQCQCV,HLA-DRB1*04:01
ADCQTNTRCPVPELK,HLA-DRB1*04:01
PMIPREYVYNYDHRE,HLA-DRB1*01:01
SGCSCLQTGDETFQW,HLA-DRB1*04:01
QERTNKPISYVEKKL,HLA-DRB1*04:01
REVGNVRKKVNDYTP,HLA-DRB1*04:04
LWDNPQYKRVPALGI,HLA-DRB1*04:04
WCGIDCWHKRQRPCP,HLA-DRB1*01:01
LHGPGAGSSAWQQQF,HLA-DRB1*04:01
AAICVWYIMQFFWTI,HLA-DRB1*04:01
FVETPMHSHENRCEV,HLA-DRB1*04:01
VGGCGCMDTKKRIDG,HLA-DRB1*01:01
RLLWDRNKYPCKQDW,HLA-DRB1*04:04
RTGVNEKWWPMNGPR,HLA-DRB1*04:01
LTHPRTLPGSKIMRE,HLA-DRB1*04:01
TARDTQSEINQNHGK,HLA-DRB1*04:04
SCRKGRWHDSRWGWH,HLA-DRB1*01:01
ARSTPTWHCPGKDAT,HLA-DRB1*04:01
QRSAYGPGHESAIHS,HLA-DRB1*04:01
CADETCIKKYQPTHC,HLA-DRB1*01:01
TNRGISPRHYTGIKC,HLA-DRB1*04:01
PNGQCTEIWCINFGS,HLA-DRB1*01:01
SMEPDVGKNIVICRS,HLA-DRB1*04:01
YMCEGGDARVFHFKE,HLA-DRB1*04:01
TDHANWPSLDDPNMT,HLA-DRB1*04:01
HEQRAKSKKHYHHQI,HLA-DRB1*01:01
SIPRSPKGTHFPVEM,HLA-DRB1*01:01
HNNVMMMCKWQCWPP,HLA-DRB1*04:01
CPIIHCKKLPYHQPQ,HLA-DRB1*04:01
RFTSKTGKPWRDKKP,HLA-DRB1*04:04
EKEMERARRSGKKGK,HLA-DRB1*04:04
VHENMCDRELNHAQM,HLA-DRB1*01:01
CRFVPGTKENEGTHD,HLA-DRB1*04:01
APDENWLSFGPKCHA,HLA-DRB1*04:01
QWDKTIDYGKHISHG,HLA-DRB1*04:04
CRFVPGTKENEGTHD,HLA-DRB1*04:04
VMDERRAYDQPFFGP,HLA-DRB1*01:01
ACQDTAWWPKQIQWN,HLA-DRB1*04:01
WSSENLGDWQKGVSA,HLA-DRB1*04:04
KVIDWSYPTDEGMDK,HLA-DRB1*01:01
AMTPTRDSVESHPRK,HLA-DRB1*01:01
PVSDCSALQKAHPER,HLA-DRB1*04:01
HAEEPCYNKDMCATL,HLA-DRB1*01:01
CPKASFNDERGKDIL,HLA-DRB1*04:01
PVCVPGTYYSDSMNY,HLA-DRB1*04:04
VHEPCQCLKKPTVSH,HLA-DRB1*04:01
TCMRLREKCSRVGCG,HLA-DRB1*04:01
MRTHPCSGHKLYIFW,HLA-DRB1*04:01
SCRKGRWHDSRWGWH,HLA-DRB1*04:04
ISDCRESHQCDVVHG,HLA-DRB1*04:04
ISDEENGNPEVQFML,HLA-DRB1*04:01
DPHVNAWVVKDPRRE,HLA-DRB1*04:01
CVNRVGLNDDGMGPP,HLA-DRB1*04:01
WMDTKCHHTKRRVYP,HLA-DRB1*04:01
WCGIDCWHKRQRPCP,HLA-DRB1*04:04
LQLSDEQQFRCENFA,HLA-DRB1*04:01
PVETRNHPKHYCFRN,HLA-DRB1*04:04
NSWDPKIRMPKERWV,HLA-DRB1*04:01
WAGAECMGCVIKWFS,HLA-DRB1*04:01
EASCNMFGEGHEWRA,HLA-DRB1*04:01
KRCCNWRDGQWPDNF,HLA-DRB1*04:01
ACQDTAWWPKQIQWN,HLA-DRB1*04:04
SYSCGDHGYNGRMNV,HLA-DRB1*04:01
DISTEWTDFRDTQYD,HLA-DRB1*04:01
LYSGIKKYPWDEEHC,HLA-DRB1*04:04
PVETRNHPKHYCFRN,HLA-DRB1*01:01
RWLHVTVEDRDREKR,HLA-DRB1*01:01
ECHESQYYRWECAIC,HLA-DRB1*04:01
EKLSMDEGKDLDMRL,HLA-DRB1*04:04
SLADKCRWCVHFYCE,HLA-DRB1*04:01
REVGNVRKKVNDYTP,HLA-DRB1*01:01
CADPHVPVYCGGWYN,HLA-DRB1*01:01
NSQIQSEFEVDGSGK,HLA-DRB1*01:01
VHENMCDRELNHAQM,HLA-DRB1*04:04
YAMDKECKTFCCEPY,HLA-DRB1*04:04
KYEDRQTHWAERSVD,HLA-DRB1*04:04
HEQRAKSKKHYHHQI,HLA-DRB1*04:04
AWDSGRLMDWQDPMH,HLA-DRB1*04:04
KPQEGAGFRIGVEHF,HLA-DRB1*04:01
PTRKFPLPWGFFEPC,HLA-DRB1*04:01
QRCNAQQPWWKVTQC,HLA-DRB1*04:01
EKPWQKENGACHRYT,HLA-DRB1*04:04
CVNRVGLNDDGMGPP,HLA-DRB1*01:01
SDEPHPRHKGIHSTY,HLA-DRB1*01:01
EAGHEVCGVHTNDKL,HLA-DRB1*04:01
TQQAPNPCAHRKKGG,HLA-DRB1*04:04
CATKGREAGHMWHQL,HLA-DRB1*04:01
SDEPHPRHKGIHSTY,HLA-DRB1*04:04
MHRTAWHHPGYNQLD,HLA-DRB1*04:01
ISDCRESHQCDVVHG,HLA-DRB1*04:01
WSSENLGDWQKGVSA,HLA-DRB1*04:01
LQLSDEQQFRCENFA,HLA-DRB1*01:01
RFTSKTGKPWRDKKP,HLA-DRB1*04:01
GTGVTWPKSPNMCCS,HLA-DRB1*04:04
ESDQGFETPYNCHRH,HLA-DRB1*04:01
QWDKTIDYGKHISHG,HLA-DRB1*04:01
MKDKVGSWADETRKR,HLA-DRB1*04:04
MSEVQRGRHEVTCGT,HLA-DRB1*04:01
DCWCEQASHDKYWLM,HLA-DRB1*04:04
GWHETPWRADENYHT,HLA-DRB1*04:01
RQIDCHNAHWCGATD,HLA-DRB1*04:04
NIETNPEPWYKGNLL,HLA-DRB1*04:04
EAGHEVCGVHTNDKL,HLA-DRB1*01:01
TPYNPRVACYNHGDT,HLA-DRB1*04:01
FDTPPENLNVNKQGS,HLA-DRB1*01:01
MGGDYLGGDYDCKFQ,HLA-DRB1*01:01
WKDSECGFCNRNAPA,HLA-DRB1*01:01
GWHETPWRADENYHT,HLA-DRB1*01:01
LHGPGAGSSAWQQQF,HLA-DRB1*04:04
ECHESQYYRWECAIC,HLA-DRB1*04:04
QRCNAQQPWWKVTQC,HLA-DRB1*04:04
LREDPTPAIQPATPP,HLA-DRB1*01:01
WCGIDCWHKRQRPCP,HLA-DRB1*04:01
GEPQNNYNNKYELCI,HLA-DRB1*01:01
CPQSFADCQQDNSFM,HLA-DRB1*01:01
EKPTGSFDPVQQKHS,HLA-DRB1*04:04
VKNAGGMDTDYYPGT,HLA-DRB1*04:04
PVMGATDDCLDPCTV,HLA-DRB1*01:01
DRCGDANLEWTIDNT,HLA-DRB1*01:01
LWQGEGKIDQCCAWK,HLA-DRB1*01:01
PVMGATDDCLDPCTV,HLA-DRB1*04:04
EQCESDAEIFVQTTE,HLA-DRB1*04:01
RTMSPEAQKQCSMQM,HLA-DRB1*04:04
REVGNVRKKVNDYTP,HLA-DRB1*04:01
EDDNSMDMEVHQTNW,HLA-DRB1*01:01
MDYDPWDCNQFFCIG,HLA-DRB1*04:04
PGEEQEWHHNVVMNA,HLA-DRB1*04:01
CHEYGQLHENCVLDT,HLA-DRB1*04:04
CNKCAHPGPTYWHQY,HLA-DRB1*04:01
DSNYCNQPKNCENAK,HLA-DRB1*01:01
HIAQDEFREEGPYQW,HLA-DRB1*04:01
NIHSVPKVKKPREYC,HLA-DRB1*04:01
SYHSPYCVRGGLEEK,HLA-DRB1*04:01
ICDLGCSMCLFWLYH,HLA-DRB1*04:01
MKDKVGSWADETRKR,HLA-DRB1*04:01
DRCGDANLEWTIDNT,HLA-DRB1*04:04
MKDKVGSWADETRKR,HLA-DRB1*01:01
CQESPMTCHHDSLEN,HLA-DRB1*01:01
CHEMQDGQWNNMRYC,HLA-DRB1*04:01
VGGCGCMDTKKRIDG,HLA-DRB1*04:04
LQNCWEPDWATTYLS,HLA-DRB1*04:04
FMHPTDQSENYQQHS,HLA-DRB1*01:01
NIETNPEPWYKGNLL,HLA-DRB1*04:01
QRSAYGPGHESAIHS,HLA-DRB1*04:04
AKQSEPYWGRWNRDP,HLA-DRB1*01:01
EKPTGSFDPVQQKHS,HLA-DRB1*04:01
MGGDYLGGDYDCKFQ,HLA-DRB1*04:01
AWDSGRLMDWQDPMH,HLA-DRB1*01:01
KRCCNWRDGQWPDNF,HLA-DRB1*04:04
VWADHQSGPNQCQCV,HLA-DRB1*04:04
QPCYRNCDDYCNIWQ,HLA-DRB1*04:04
PKVHPKKKQFAEPKQ,HLA-DRB1*01:01
GFWPCEEYHVPCEQT,HLA-DRB1*04:01
GNNRRSNPVSDMCGA,HLA-DRB1*04:04
WSPSHDYYGIGEYER,HLA-DRB1*04:01
CGQYLDHAHYDETAD,HLA-DRB1*04:01
LYREPDPVDVAQMDD,HLA-DRB1*04:04
GWHETPWRADENYHT,HLA-DRB1*04:04
DISTEWTDFRDTQYD,HLA-DRB1*04:04
CNKCAHPGPTYWHQY,HLA-DRB1*04:04
VKNAGGMDTDYYPGT,HLA-DRB1*04:01
RSAVPEDVSNDPLIP,HLA-DRB1*04:04
ADCQTNTRCPVPELK,HLA-DRB1*04:04
SQCGRQHECVHAWWT,HLA-DRB1*04:04
CPKASFNDERGKDIL,HLA-DRB1*04:04
RSAVPEDVSNDPLIP,HLA-DRB1*01:01
WSPSHDYYGIGEYER,HLA-DRB1*01:01
PASQRRDSDYGMHTW,HLA-DRB1*04:04
DRCGDANLEWTIDNT,HLA-DRB1*04:01
CADETCIKKYQPTHC,HLA-DRB1*04:04
CEGYCCNNTGDNAQK,HLA-DRB1*04:04
SIPRSPKGTHFPVEM,HLA-DRB1*04:04
FDTPPENLNVNKQGS,HLA-DRB1*04:01
SYHSPYCVRGGLEEK,HLA-DRB1*04:04
HVTHQFDNKDQDAGT,HLA-DRB1*04:01
GCGIPACFPKKHPLY,HLA-DRB1*04:04
VSCDTECAYVTDIQG,HLA-DRB1*04:04
DTTQCKGEWTGYLWH,HLA-DRB1*04:04
EQCESDAEIFVQTTE,HLA-DRB1*04:04
LYSGIKKYPWDEEHC,HLA-DRB1*01:01
PVMGATDDCLDPCTV,HLA-DRB1*04:01
PASQRRDSDYGMHTW,HLA-DRB1*01:01
CPQSFADCQQDNSFM,HLA-DRB1*04:04
WGKMLKSPCDEQNDH,HLA-DRB1*04:01
ISDEENGNPEVQFML,HLA-DRB1*04:04
EQCESDAEIFVQTTE,HLA-DRB1*01:01
EAYYEPHWRGDVMNN,HLA-DRB1*04:04
EKEMERARRSGKKGK,HLA-DRB1*04:01
HTKNEAHNCQCRALA,HLA-DRB1*04:01
EKLSMDEGKDLDMRL,HLA-DRB1*04:01
WTNKWCNNGDDPFVF,HLA-DRB1*04:04
RPPPHNCMQDGTSPP,HLA-DRB1*04:04
PHTCNDFCTHYNGPD,HLA-DRB1*04:04
AWDSGRLMDWQDPMH,HLA-DRB1*04:01
EKPTGSFDPVQQKHS,HLA-DRB1*01:01
TPYNPRVACYNHGDT,HLA-DRB1*04:04
TWSHNKTEDYDTITK,HLA-DRB1*04:04
VGGCGCMDTKKRIDG,HLA-DRB1*04:01
WCHNNPGLCPPDNYI,HLA-DRB1*01:01
FPVDCECTGSTNHQI,HLA-DRB1*04:04
RTMSPEAQKQCSMQM,HLA-DRB1*04:01
FHPNYEPSSYTGWEQ,HLA-DRB1*04:04
MGGDYLGGDYDCKFQ,HLA-DRB1*04:04
CPFDPHDMKGKYDHP,HLA-DRB1*01:01
ESDQGFETPYNCHRH,HLA-DRB1*01:01
WENMEQTLHDSDDPR,HLA-DRB1*04:01
NKDCFDGELTMECEW,HLA-DRB1*04:04
FPVDCECTGSTNHQI,HLA-DRB1*01:01
SDEPHPRHKGIHSTY,HLA-DRB1*04:01
RPPPHNCMQDGTSPP,HLA-DRB1*04:01
TARDTQSEINQNHGK,HLA-DRB1*01:01
PHTCNDFCTHYNGPD,HLA-DRB1*04:01
WKDSECGFCNRNAPA,HLA-DRB1*04:01
GEPQNNYNNKYELCI,HLA-DRB1*04:01
THNQCGCDHVSQDIR,HLA-DRB1*04:01
LWQGEGKIDQCCAWK,HLA-DRB1*04:01
HEQRAKSKKHYHHQI,HLA-DRB1*04:01
EVGGDSGNPGTYRQR,HLA-DRB1*01:01
CADETCIKKYQPTHC,HLA-DRB1*04:01
RPKYHGWDERATQFQ,HLA-DRB1*04:04
KCCCDGKQFFPNWCE,HLA-DRB1*04:01
GFWPCEEYHVPCEQT,HLA-DRB1*04:04
HAEEPCYNKDMCATL,HLA-DRB1*04:01
GPTTPQCPQWLMWLS,HLA-DRB1*04:01
QYTENHGGSSNGYAN,HLA-DRB1*04:04
WENMEQTLHDSDDPR,HLA-DRB1*04:04
PKVHPKKKQFAEPKQ,HLA-DRB1*04:04
VPKCGTHTTMQDCPH,HLA-DRB1*01:01
NAHNGVGFDYQHKCC,HLA-DRB1*04:04
GTGVTWPKSPNMCCS,HLA-DRB1*04:01
KRNQGKSEGPHFLEW,HLA-DRB1*04:01
PVETRNHPKHYCFRN,HLA-DRB1*04:01
SIPRSPKGTHFPVEM,HLA-DRB1*04:01
KCCCDGKQFFPNWCE,HLA-DRB1*01:01
SQCGRQHECVHAWWT,HLA-DRB1*04:01
DFHSCNGWYCEEWGA,HLA-DRB1*04:04
QQTAWWEADHDACYE,HLA-DRB1*04:04
NKCQNSEGEYYPYEM,HLA-DRB1*01:01
HVPCCAPWTCEAQSF,HLA-DRB1*04:04
NAHNGVGFDYQHKCC,HLA-DRB1*01:01
NAHNGVGFDYQHKCC,HLA-DRB1*04:01
FDTPPENLNVNKQGS,HLA-DRB1*04:04
PKVHPKKKQFAEPKQ,HLA-DRB1*04:01
HVPCCAPWTCEAQSF,HLA-DRB1*04:01
EVGGDSGNPGTYRQR,HLA-DRB1*04:01
CGQYLDHAHYDETAD,HLA-DRB1*01:01
CPFDPHDMKGKYDHP,HLA-DRB1*04:04
WKDSECGFCNRNAPA,HLA-DRB1*04:04
RPPPHNCMQDGTSPP,HLA-DRB1*01:01
ANINWEECHFSKEDG,HLA-DRB1*01:01
CHEMQDGQWNNMRYC,HLA-DRB1*04:04
MCMDEDGETWAEVND,HLA-DRB1*01:01
CADPHVPVYCGGWYN,HLA-DRB1*04:04
CGEDHRLRECCDSCW,HLA-DRB1*01:01
VPKCGTHTTMQDCPH,HLA-DRB1*04:04
HTKNEAHNCQCRALA,HLA-DRB1*04:04
LYSGIKKYPWDEEHC,HLA-DRB1*04:01
ARSTPTWHCPGKDAT,HLA-DRB1*01:01
CADPHVPVYCGGWYN,HLA-DRB1*04:01
AKQSEPYWGRWNRDP,HLA-DRB1*04:01
KRCCNWRDGQWPDNF,HLA-DRB1*01:01
LWQGEGKIDQCCAWK,HLA-DRB1*04:04
SACENRAPCGKLCWS,HLA-DRB1*04:04
MQQEPIPEWWDNTTR,HLA-DRB1*04:01
PGEEQEWHHNVVMNA,HLA-DRB1*04:04
WCHNNPGLCPPDNYI,HLA-DRB1*04:01
CQESPMTCHHDSLEN,HLA-DRB1*04:04
WSPSHDYYGIGEYER,HLA-DRB1*04:04
HAEEPCYNKDMCATL,HLA-DRB1*04:04
CGQYLDHAHYDETAD,HLA-DRB1*04:04
SHQTELDDDHPYMRD,HLA-DRB1*04:01
MCMDEDGETWAEVND,HLA-DRB1*04:01
TWSHNKTEDYDTITK,HLA-DRB1*01:01
SACENRAPCGKLCWS,HLA-DRB1*04:01
DISTEWTDFRDTQYD,HLA-DRB1*01:01
MQQEPIPEWWDNTTR,HLA-DRB1*04:04
GCGIPACFPKKHPLY,HLA-DRB1*04:01
HVTHQFDNKDQDAGT,HLA-DRB1*01:01
HQRHPCMSENLEDTQ,HLA-DRB1*04:01
AKQSEPYWGRWNRDP,HLA-DRB1*04:04
QPCYRNCDDYCNIWQ,HLA-DRB1*01:01
SYSCGDHGYNGRMNV,HLA-DRB1*04:04
HQRHPCMSENLEDTQ,HLA-DRB1*04:04
GNHTPWQNNYFPGTK,HLA-DRB1*04:04
CPFDPHDMKGKYDHP,HLA-DRB1*04:01
EPTPRDMACSEDMNC,HLA-DRB1*04:04
NKCQNSEGEYYPYEM,HLA-DRB1*04:01
PHTCNDFCTHYNGPD,HLA-DRB1*01:01
CGEDHRLRECCDSCW,HLA-DRB1*04:04
HIAQDEFREEGPYQW,HLA-DRB1*01:01
TDHANWPSLDDPNMT,HLA-DRB1*04:04
MTERAAEGGRWHGYV,HLA-DRB1*04:01
ESDQGFETPYNCHRH,HLA-DRB1*04:04
THNQCGCDHVSQDIR,HLA-DRB1*01:01
MTERAAEGGRWHGYV,HLA-DRB1*04:04
WCHNNPGLCPPDNYI,HLA-DRB1*04:04
VPKCGTHTTMQDCPH,HLA-DRB1*04:01
TNDQGQSVGCDGVMH,HLA-DRB1*01:01
GRANNLGEGRQNDPC,HLA-DRB1*01:01
KCCCDGKQFFPNWCE,HLA-DRB1*04:04
DEAEKDEWLEAECVH,HLA-DRB1*04:04
EPTPRDMACSEDMNC,HLA-DRB1*01:01
GEPQNNYNNKYELCI,HLA-DRB1*04:04
CQESPMTCHHDSLEN,HLA-DRB1*04:01
MQQEPIPEWWDNTTR,HLA-DRB1*01:01
HQRHPCMSENLEDTQ,HLA-DRB1*01:01
EVGGDSGNPGTYRQR,HLA-DRB1*04:04
TPEDETVNGFQPDQR,HLA-DRB1*04:01
THNQCGCDHVSQDIR,HLA-DRB1*04:04
EPTPRDMACSEDMNC,HLA-DRB1*04:01
MCMDEDGETWAEVND,HLA-DRB1*04:04
QQTAWWEADHDACYE,HLA-DRB1*01:01
NEHDKDNHPKAVEDA,HLA-DRB1*01:01
QQWPVGFDDHSKPCD,HLA-DRB1*01:01
KRNQGKSEGPHFLEW,HLA-DRB1*04:04
DEAEKDEWLEAECVH,HLA-DRB1*04:01
QQWPVGFDDHSKPCD,HLA-DRB1*04:01
DSNYCNQPKNCENAK,HLA-DRB1*04:04
NKCQNSEGEYYPYEM,HLA-DRB1*04:04
HIAQDEFREEGPYQW,HLA-DRB1*04:04
TPEDETVNGFQPDQR,HLA-DRB1*04:04
QQWPVGFDDHSKPCD,HLA-DRB1*04:04
NEHDKDNHPKAVEDA,HLA-DRB1*04:01
GRANNLGEGRQNDPC,HLA-DRB1*04:04
GRANNLGEGRQNDPC,HLA-DRB1*04:01
CGEDHRLRECCDSCW,HLA-DRB1*04:01
SHQTELDDDHPYMRD,HLA-DRB1*04:04
TPEDETVNGFQPDQR,HLA-DRB1*01:01
SHQTELDDDHPYMRD,HLA-DRB1*01:01
NEHDKDNHPKAVEDA,HLA-DRB1*04:04
TNDQGQSVGCDGVMH,HLA-DRB1*04:04
TNDQGQSVGCDGVMH,HLA-DRB1*04:01
